ear_mean,ear_std,perclos_score,blink_rate_bpm,yawn_frequency,head_tilt_deg,under_eye_darkness_ratio,skin_texture_var,target_level
0.1832,0.0888,0.4779,4.0,6,46.16,0.7556,0.2648,3
0.3452,0.0519,0.0652,18.76,0,4.62,0.9837,0.6732,0
0.2785,0.077,0.2336,31.97,2,19.04,0.8321,0.856,2
0.2967,0.084,0.1715,21.74,3,13.7,0.9293,0.6063,1
0.2127,0.0995,0.3357,30.9,5,17.49,0.8584,0.6072,2
0.1951,0.0666,0.3421,33.68,2,22.02,0.7173,0.6587,2
0.3356,0.0989,0.136,25.29,1,5.57,0.8895,0.408,1
0.1797,0.1428,0.5903,11.93,7,26.31,0.7235,0.2615,3
0.3907,0.0359,0.0276,15.16,0,6.33,1.0027,0.7796,0
0.3373,0.0855,0.3503,44.48,3,14.52,0.846,0.4695,2
0.3248,0.0351,0.0495,18.74,0,5.34,0.9667,0.7821,0
0.2213,0.0774,0.3513,31.06,6,19.04,0.7996,0.5837,2
0.3353,0.0904,0.3001,21.09,1,21.12,0.8361,0.2718,2
0.3047,0.0802,0.1431,22.46,2,8.29,0.9175,0.5098,1
0.4146,0.0397,0.0794,19.93,1,8.06,0.947,0.7363,0
0.3639,0.0243,0.0528,12.04,0,6.37,1.0159,0.8248,0
0.2961,0.0755,0.0728,26.74,0,12.0,0.959,0.7884,1
0.353,0.0406,0.0487,16.2,0,0.0,0.9877,0.7162,0
0.05,0.0975,0.7992,14.57,4,31.68,0.7634,0.2312,3
0.1871,0.0571,0.6594,12.88,5,33.37,0.6471,0.2876,3
0.2935,0.049,0.1982,19.5,2,3.97,0.9053,0.481,1
0.1627,0.1017,0.7734,5.8,4,21.22,0.7221,0.4534,3
0.1492,0.1237,0.6021,7.89,10,30.29,0.7131,0.5484,3
0.2747,0.0857,0.285,40.69,5,18.04,0.7701,0.4561,2
0.1642,0.0482,0.6827,8.37,0,29.56,0.6345,0.2722,3
0.343,0.0438,0.0569,13.82,0,6.5,0.9347,0.7539,0
0.3102,0.0894,0.2132,41.19,2,21.49,0.8956,0.5396,2
0.3433,0.0496,0.1764,30.95,2,9.4,0.8703,0.6453,1
0.3098,0.0605,0.119,17.89,0,7.77,0.8387,0.5161,1
0.3412,0.031,0.0295,12.64,0,5.71,0.8775,0.6465,0
0.28,0.0497,0.1163,33.38,1,4.33,0.8951,0.5596,1
0.323,0.0553,0.1406,19.88,1,5.52,0.8349,0.6464,1
0.2958,0.0593,0.2706,33.12,1,12.89,0.9242,0.6313,1
0.2462,0.0468,0.1427,27.31,2,12.36,0.8326,0.6667,1
0.2868,0.0833,0.2593,40.55,3,16.96,0.8756,0.738,2
0.3481,0.0376,0.0562,10.68,0,5.05,0.9792,0.7497,0
0.1882,0.063,0.442,15.99,1,32.48,0.7553,0.3667,3
0.1783,0.0679,0.3313,35.11,1,13.15,0.8415,0.5161,2
0.1962,0.1069,0.4009,36.75,0,21.31,0.8342,0.6174,2
0.3044,0.0305,0.0746,17.53,0,2.0,0.956,0.7561,0
0.3676,0.0559,0.0827,21.62,0,3.82,0.9777,0.8053,0
0.0644,0.1035,0.3793,6.99,4,24.92,0.6908,0.5529,3
0.3775,0.0265,0.0667,18.03,0,3.51,1.0258,0.8137,0
0.273,0.0411,0.0956,22.47,0,6.41,0.9827,0.6296,1
0.1193,0.0269,0.757,10.4,5,30.86,0.6842,0.5152,3
0.2848,0.0699,0.1851,20.39,0,10.39,0.8784,0.708,1
0.3602,0.065,0.1097,24.22,1,10.28,0.9697,0.5183,1
0.2285,0.0401,0.0926,29.03,1,13.02,0.9382,0.6365,1
0.3608,0.0402,0.0491,18.38,1,2.14,0.8618,0.6646,0
0.1892,0.097,0.5584,13.28,9,24.8,0.6827,0.4047,3
0.155,0.0351,0.545,16.28,2,22.65,0.7215,0.5519,3
0.3304,0.0324,0.0346,17.5,0,5.79,0.9129,0.7578,0
0.2257,0.0849,0.3117,39.62,5,23.0,0.8589,0.7465,2
0.3786,0.0346,0.0356,9.48,0,7.32,0.9695,0.7531,0
0.2662,0.0688,0.111,29.0,0,13.84,0.9882,0.5659,1
0.1131,0.1225,0.7337,16.06,10,33.77,0.7273,0.4156,3
0.2579,0.0507,0.2784,44.26,1,20.12,0.8959,0.4846,2
0.1854,0.068,0.773,9.84,7,28.56,0.6757,0.3974,3
0.2575,0.0779,0.193,31.75,1,25.09,0.898,0.6788,2
0.396,0.0248,0.0616,18.43,0,6.95,1.0271,0.6309,0
0.2301,0.104,0.2246,31.47,1,18.81,0.9175,0.4925,2
0.3485,0.0412,0.1681,33.29,0,8.95,0.8782,0.6296,1
0.2334,0.0849,0.8052,10.25,8,34.24,0.6775,0.31,3
0.218,0.0837,0.2396,35.72,4,25.64,0.8207,0.3854,2
0.1949,0.0701,0.6352,13.94,10,30.6,0.7597,0.2661,3
0.1204,0.0941,0.9369,5.4,10,37.26,0.8116,0.2346,3
0.3044,0.0321,0.087,21.32,1,11.85,0.8539,0.7067,1
0.091,0.1067,0.7051,15.24,4,34.74,0.7219,0.2273,3
0.3492,0.0394,0.0543,11.31,0,7.64,1.039,0.6588,0
0.2494,0.0761,0.3061,37.22,2,7.61,0.7777,0.4498,2
0.2323,0.0807,0.3625,49.55,2,16.95,0.795,0.5141,2
0.3342,0.0504,0.0379,14.22,0,7.59,0.9743,0.7066,0
0.2452,0.0778,0.4483,32.72,3,20.11,0.7821,0.6571,2
0.2492,0.0786,0.2401,26.14,1,11.45,0.7687,0.3626,2
0.2898,0.0359,0.1602,23.9,1,9.59,0.9042,0.4903,1
0.3198,0.0355,0.0513,16.51,0,5.72,1.0026,0.7448,0
0.1374,0.0723,0.5359,13.87,3,38.38,0.6928,0.6426,3
0.3912,0.0678,0.2055,23.52,1,5.5,0.9701,0.503,1
0.3529,0.0466,0.0411,12.73,0,6.35,1.0218,0.6688,0
0.1494,0.1148,0.501,9.65,6,21.2,0.6226,0.2939,3
0.3306,0.0365,0.0569,14.41,0,7.51,0.9917,0.8278,0
0.2864,0.0554,0.1349,27.64,2,11.85,1.0071,0.4986,1
0.3074,0.0577,0.2805,42.85,1,11.86,0.8353,0.5517,2
0.1614,0.0788,0.8728,13.56,5,30.11,0.6703,0.321,3
0.1304,0.1107,0.8579,13.82,5,28.3,0.7101,0.6229,3
0.3136,0.068,0.2598,37.43,3,28.04,0.8261,0.7095,2
0.1732,0.1108,0.9162,17.96,9,25.45,0.814,0.3839,3
0.4424,0.0242,0.0323,13.68,1,3.24,1.039,0.7497,0
0.3699,0.0266,0.047,15.75,0,7.93,0.9181,0.8946,0
0.1119,0.0341,0.7522,14.36,3,39.02,0.711,0.4276,3
0.1525,0.0915,0.8258,14.19,7,53.68,0.859,0.4425,3
0.1185,0.0835,0.5916,10.59,4,33.57,0.6529,0.4266,3
0.3671,0.0421,0.0251,19.32,0,7.77,1.0039,0.6635,0
0.3592,0.0468,0.0442,13.61,0,6.18,0.9564,0.782,0
0.2106,0.0782,0.7058,9.91,6,38.36,0.7047,0.533,3
0.1599,0.0641,0.7119,12.39,7,24.78,0.7765,0.6585,3
0.3589,0.0621,0.1591,20.95,2,1.86,0.8642,0.6759,1
0.2683,0.0523,0.2934,23.74,2,9.65,0.8949,0.3725,2
0.1428,0.1142,0.5823,14.66,5,41.58,0.7702,0.4895,3
0.115,0.0935,0.5507,10.86,1,39.9,0.7414,0.4434,3
0.2836,0.0607,0.1202,19.45,1,4.56,0.8272,0.6926,1
0.2969,0.075,0.1211,34.96,0,10.02,0.8756,0.7603,1
0.2972,0.0393,0.0445,21.88,0,2.04,0.9141,0.6393,0
0.2418,0.1017,0.2636,44.25,1,26.4,0.825,0.5263,2
0.3756,0.0501,0.0826,21.13,0,4.27,0.9127,0.6866,0
0.2582,0.0773,0.1108,29.13,1,15.72,0.869,0.5215,1
0.3548,0.0642,0.1312,19.99,1,10.04,0.8903,0.41,1
0.388,0.0449,0.0835,15.59,0,8.34,0.9043,0.6979,0
0.2988,0.0728,0.1919,31.85,1,5.84,0.9102,0.5874,1
0.3446,0.052,0.182,27.75,0,7.09,0.9085,0.5397,1
0.2531,0.0688,0.0518,26.14,0,16.0,0.9469,0.5481,1
0.2456,0.0754,0.2356,36.98,1,21.6,0.8782,0.4663,2
0.2756,0.0459,0.3348,32.69,7,23.69,0.7678,0.6832,2
0.1231,0.1257,0.4542,7.59,5,33.81,0.652,0.3543,3
0.3073,0.0641,0.1936,28.29,1,8.58,0.7181,0.5261,1
0.2863,0.0351,0.0931,12.3,0,3.94,0.9273,0.7757,0
0.1895,0.1171,0.2969,32.79,1,17.07,0.7831,0.5228,2
0.3416,0.0501,0.1651,25.84,0,4.22,0.978,0.6377,1
0.3757,0.0336,0.0608,12.42,1,0.2,0.9684,0.7685,0
0.1594,0.0871,0.5962,11.26,4,27.27,0.8306,0.5083,3
0.0873,0.0473,0.765,15.58,2,37.04,0.63,0.5781,3
0.2127,0.0895,0.2424,33.39,7,22.58,0.8619,0.517,2
0.2148,0.0927,0.3818,37.26,1,16.95,0.8151,0.4001,2
0.3957,0.03,0.0808,17.05,0,4.73,1.0271,0.7382,0
0.4049,0.0517,0.0527,15.67,1,11.71,0.9819,0.8062,0
0.1773,0.1089,0.7614,5.42,3,30.29,0.7351,0.4247,3
0.3466,0.0391,0.0384,17.67,0,8.05,0.9677,0.736,0
0.3375,0.0459,0.189,20.19,3,7.56,0.9125,0.5343,1
0.1937,0.0523,0.27,45.48,4,22.43,0.8348,0.6693,2
0.3567,0.0429,0.0495,19.1,1,2.04,1.0566,0.7688,0
0.1198,0.1007,0.4552,6.8,1,32.21,0.6679,0.3504,3
0.1343,0.0636,0.6196,13.28,7,36.95,0.7555,0.4137,3
0.2611,0.074,0.1033,22.73,1,10.97,0.949,0.5777,1
0.3068,0.067,0.1339,31.13,1,14.15,0.9059,0.5619,1
0.2966,0.0603,0.2028,24.72,2,12.42,0.842,0.5625,1
0.1754,0.1129,0.3733,38.14,1,15.01,0.7301,0.8113,2
0.1396,0.1248,0.5068,8.81,0,38.01,0.7458,0.2511,3
0.0968,0.131,0.8463,8.82,9,33.17,0.7135,0.5894,3
0.1347,0.1177,0.8216,9.92,2,30.75,0.7479,0.3996,3
0.0689,0.0642,0.6452,16.46,6,37.35,0.6419,0.4349,3
0.2419,0.075,0.4019,38.08,5,22.42,0.8616,0.4853,2
0.3883,0.0422,0.0506,16.8,0,0.86,0.9313,0.7234,0
0.2104,0.0929,0.6225,13.78,4,32.31,0.6841,0.3736,3
0.2847,0.0592,0.1771,29.05,0,15.11,0.8673,0.7833,1
0.1414,0.0994,0.6337,11.92,5,29.31,0.76,0.5296,3
0.2324,0.088,0.1696,25.54,0,5.94,1.0504,0.5978,1
0.2976,0.0866,0.1223,26.03,0,9.39,1.0188,0.7101,1
0.2331,0.0981,0.3076,43.63,2,17.49,0.8019,0.7389,2
0.3305,0.023,0.1016,15.09,0,6.23,0.9537,0.6833,0
0.3737,0.0321,0.0721,16.34,0,4.16,0.9511,0.7264,0
0.1643,0.1044,0.4617,13.8,5,34.1,0.8038,0.2485,3
0.3135,0.0538,0.1822,20.29,1,12.17,0.9575,0.8427,1
0.3458,0.0731,0.1425,21.86,0,13.48,1.0456,0.644,1
0.1894,0.0568,0.3519,30.26,3,16.21,0.7892,0.5492,2
0.3323,0.0352,0.0498,17.53,0,6.35,0.97,0.6158,0
0.3965,0.0235,0.0693,14.79,0,7.1,0.9875,0.6761,0
0.2949,0.0671,0.1278,28.79,0,14.94,1.0044,0.5081,1
0.1353,0.1162,0.5398,10.26,6,43.79,0.774,0.5071,3
0.3012,0.0681,0.1709,25.53,1,8.27,0.8583,0.7109,1
0.1949,0.1329,0.6155,14.79,8,32.84,0.7373,0.3638,3
0.3407,0.0859,0.1697,24.47,2,8.3,0.8747,0.6125,1
0.2371,0.0539,0.1174,15.79,0,11.37,0.8747,0.5318,1
0.3478,0.055,0.0883,15.24,0,0.0,0.9914,0.9642,0
0.2689,0.0644,0.3227,38.58,5,14.43,0.7264,0.3241,2
0.2141,0.1104,0.7813,4.12,7,30.74,0.7117,0.3057,3
0.2602,0.094,0.401,43.45,2,14.87,0.8455,0.7387,2
0.151,0.0101,0.5837,4.0,3,21.05,0.7179,0.5743,3
0.2144,0.0826,0.3161,32.11,1,26.66,0.8626,0.5179,2
0.3841,0.039,0.0361,15.64,0,6.49,0.9312,0.7623,0
0.1788,0.0446,0.6708,14.66,2,32.44,0.852,0.4467,3
0.3067,0.0566,0.2537,30.97,2,20.03,0.7853,0.6651,2
0.2803,0.0603,0.1016,23.22,0,5.45,0.9729,0.4266,1
0.09,0.1359,0.5009,6.77,7,22.31,0.7378,0.319,3
0.1147,0.0771,0.7763,15.06,3,31.42,0.7264,0.6109,3
0.3163,0.0422,0.0611,22.69,0,2.51,0.941,0.7734,0
0.2163,0.1054,0.3077,30.45,2,23.63,0.8594,0.6673,2
0.2864,0.0881,0.19,23.34,1,9.12,0.934,0.7841,1
0.2108,0.0849,0.3543,34.88,1,14.78,0.7652,0.6444,2
0.3613,0.0699,0.1346,25.98,1,10.38,0.8229,0.5409,1
0.1603,0.1129,0.8548,8.26,3,29.7,0.8177,0.5743,3
0.1751,0.0962,0.3168,32.0,3,5.31,0.7707,0.4497,2
0.3361,0.0559,0.1992,28.47,1,8.9,0.9565,0.5433,1
0.0952,0.0796,0.5125,13.68,2,27.35,0.6876,0.3491,3
0.2164,0.0742,0.3017,44.42,6,23.48,0.8139,0.5223,2
0.2781,0.0506,0.2234,24.34,2,10.54,0.9216,0.6444,1
0.3535,0.0862,0.124,24.67,1,13.47,0.9358,0.5835,1
0.177,0.1115,0.5706,16.98,5,27.24,0.6396,0.5515,3
0.1895,0.068,0.7769,14.9,2,29.25,0.705,0.2269,3
0.2325,0.0771,0.3665,33.53,2,22.91,0.8137,0.6287,2
0.2787,0.0423,0.3572,45.46,2,15.55,0.8461,0.5256,2
0.2574,0.0829,0.1767,26.09,1,15.99,1.0263,0.5125,1
0.3932,0.0471,0.0718,16.13,0,4.48,0.9473,0.5832,0
0.2401,0.067,0.2934,36.29,2,10.23,0.8233,0.3596,2
0.3565,0.0302,0.0226,14.95,1,4.83,0.9131,0.8351,0
0.2971,0.034,0.0776,19.68,0,4.06,0.9651,0.6877,0
0.329,0.042,0.0458,17.56,0,2.96,1.0301,0.8394,0
0.2694,0.0624,0.3287,32.94,7,18.6,0.8132,0.5573,2
0.3482,0.0818,0.165,28.71,1,10.49,0.8181,0.5571,1
0.2961,0.0514,0.1924,25.85,1,6.95,0.8639,0.9185,1
0.1901,0.0893,0.7689,17.03,3,43.58,0.7325,0.5332,3
0.0933,0.088,0.4887,10.45,5,45.24,0.6815,0.3468,3
0.3235,0.0657,0.0996,29.06,3,9.72,0.866,0.5495,1
0.3602,0.0363,0.0487,13.23,0,8.78,0.9462,0.5507,0
0.2121,0.0655,0.1708,17.32,0,6.99,1.0189,0.51,1
0.36,0.039,0.0371,10.6,0,5.29,0.9809,0.6872,0
0.3556,0.0498,0.0389,12.8,0,7.91,0.8986,0.825,0
0.2296,0.0704,0.3971,39.92,1,19.69,0.7812,0.7691,2
0.2151,0.1509,0.3907,39.4,1,17.57,0.7796,0.5651,2
0.1981,0.0959,0.3874,52.58,0,20.3,0.9766,0.5695,2
0.3073,0.0457,0.0928,13.12,0,9.28,0.9454,0.6861,0
0.1238,0.0914,0.5926,11.62,6,33.36,0.7861,0.4068,3
0.3141,0.0367,0.0152,18.65,0,0.85,0.9583,0.6852,0
0.3313,0.0234,0.0069,20.02,0,7.17,0.8643,0.6914,0
0.3246,0.0471,0.061,16.85,0,6.35,0.9362,0.6513,0
0.2728,0.0541,0.1366,20.37,0,5.63,0.7762,0.5442,1
0.0889,0.0406,0.4775,18.79,6,36.95,0.7712,0.3817,3
0.238,0.0826,0.4357,31.32,6,9.3,0.8606,0.5858,2
0.3494,0.0542,0.0385,19.0,0,8.38,1.0234,0.6395,0
0.3965,0.0461,0.0511,13.64,0,6.0,0.9656,0.609,0
0.253,0.0886,0.2939,40.58,0,15.18,0.9803,0.5999,2
0.3161,0.0395,0.1955,22.45,1,6.73,0.9223,0.3816,1
0.3235,0.0433,0.0496,13.0,0,2.53,0.919,0.7309,0
0.2949,0.0559,0.2213,27.3,0,7.21,0.844,0.589,1
0.2452,0.1227,0.3503,29.01,0,16.2,0.6966,0.5529,2
0.111,0.0728,0.6517,11.28,5,27.66,0.7771,0.29,3
0.1177,0.0987,0.5823,14.69,6,35.45,0.7874,0.6553,3
0.3715,0.018,0.0383,15.68,0,4.93,0.9955,0.9614,0
0.3075,0.0476,0.07,15.45,0,4.63,0.9833,0.8405,0
0.1185,0.119,0.7312,19.91,6,24.41,0.817,0.4087,3
0.3854,0.0538,0.0427,15.73,0,1.92,0.9873,0.5951,0
0.1291,0.0729,0.6386,6.68,4,35.51,0.6767,0.3795,3
0.4194,0.0431,0.0262,17.54,2,2.47,1.0004,0.819,0
0.1132,0.0959,0.7099,5.14,6,36.11,0.8332,0.4561,3
0.2318,0.1266,0.3322,35.98,5,18.91,0.888,0.6223,2
0.148,0.0974,0.773,12.74,6,25.38,0.6455,0.2793,3
0.3359,0.0417,0.069,16.48,0,4.05,0.975,0.6144,0
0.2387,0.0776,0.4569,30.41,7,14.74,0.7358,0.4742,2
0.2814,0.0596,0.2263,27.31,1,9.15,0.7642,0.7151,1
0.3086,0.0766,0.3471,33.69,6,20.49,0.7847,0.6964,2
0.2791,0.0415,0.1209,14.21,0,6.28,0.8173,0.6804,1
0.339,0.071,0.1165,23.99,1,9.98,0.9245,0.4279,1
0.1354,0.1242,0.7772,13.01,6,29.7,0.7423,0.4029,3
0.3583,0.063,0.1692,17.09,1,12.56,0.886,0.7316,1
0.3007,0.057,0.199,18.06,0,8.43,0.7959,0.7783,1
0.2619,0.0738,0.3673,38.94,2,24.94,0.836,0.6333,2
0.359,0.0413,0.0573,25.58,0,4.4,0.8807,0.732,0
0.2761,0.0753,0.1826,25.75,1,15.98,0.7633,0.6935,1
0.1616,0.0991,0.4091,13.33,5,24.8,0.9254,0.4774,3
0.2696,0.0135,0.1206,28.55,0,10.34,0.9204,0.6705,1
0.2089,0.084,0.3557,39.55,4,28.66,0.7404,0.4772,2
0.2403,0.0734,0.3034,36.24,1,8.66,0.9257,0.5676,2
0.3535,0.0369,0.032,11.25,0,4.22,1.0676,0.794,0
0.2524,0.0603,0.303,35.87,2,12.66,0.7617,0.3524,2
0.3836,0.0476,0.0413,17.22,0,1.99,0.9658,0.8821,0
0.1768,0.0256,0.3065,31.8,4,21.51,0.8378,0.4212,2
0.3759,0.0954,0.2421,36.9,7,14.22,0.8086,0.6547,2
0.3012,0.0644,0.1534,31.44,0,9.86,0.9757,0.5821,1
0.2624,0.0817,0.1593,28.91,1,9.13,0.9288,0.5294,1
0.1801,0.0564,0.6327,6.83,4,30.8,0.7335,0.5362,3
0.2899,0.0884,0.3843,34.13,3,22.32,0.8561,0.6088,2
0.3528,0.0252,0.08,13.8,0,6.04,1.0317,0.695,0
0.1689,0.0782,0.6353,15.07,4,34.77,0.7404,0.603,3
0.3496,0.0393,0.058,16.97,0,7.77,0.9095,0.7747,0
0.1735,0.0867,0.5276,15.37,1,33.56,0.7549,0.4967,3
0.2969,0.0772,0.3166,38.19,0,18.67,0.9295,0.4016,2
0.1644,0.076,0.7762,21.04,6,31.24,0.7007,0.3648,3
0.3943,0.0344,0.014,21.33,0,4.05,0.939,0.752,0
0.3254,0.0346,0.0171,14.18,0,1.32,1.0244,0.7651,0
0.3816,0.0259,0.0609,19.33,0,4.61,0.9565,0.6471,0
0.2499,0.0945,0.2773,30.68,4,16.87,0.9587,0.7006,2
0.2217,0.0883,0.4546,34.24,4,14.64,0.8017,0.6809,2
0.1555,0.0869,0.3788,15.02,5,27.66,0.6355,0.4478,3
0.3662,0.0372,0.0901,19.21,0,3.0,0.942,0.8415,0
0.0759,0.0915,0.6486,13.44,7,28.34,0.8,0.5558,3
0.1511,0.1019,0.7921,13.02,5,38.14,0.7781,0.4529,3
0.1463,0.0599,0.785,11.65,5,27.91,0.8286,0.5951,3
0.3349,0.0467,0.077,28.08,0,9.42,0.95,0.7417,1
0.3419,0.0255,0.0672,14.6,1,7.07,0.9786,0.8745,0
0.2909,0.0897,0.3182,47.28,6,8.23,0.9135,0.6255,2
0.3354,0.0364,0.0333,18.13,0,2.96,0.9826,0.6154,0
0.1966,0.1277,0.823,12.91,5,37.97,0.6838,0.4727,3
0.3117,0.0723,0.4677,41.79,2,20.27,0.7494,0.5114,2
0.3132,0.0633,0.2103,32.53,0,11.88,0.8995,0.4305,1
0.2243,0.0467,0.2417,22.44,5,18.75,0.7853,0.6576,2
0.2833,0.1037,0.2742,27.18,2,18.28,0.8952,0.3025,2
0.3793,0.0358,0.0426,15.19,0,5.82,0.9627,0.9845,0
0.3744,0.0403,0.0553,19.23,0,6.31,1.0422,0.5791,0
0.1908,0.1223,0.8332,19.0,8,39.72,0.8142,0.685,3
0.3969,0.0378,0.0243,11.93,0,5.02,0.9441,0.7483,0
0.3848,0.0397,0.0222,9.63,0,1.86,1.0341,0.6923,0
0.2421,0.0687,0.3103,40.64,1,10.58,0.8007,0.3357,2
0.1875,0.0567,0.5354,17.26,5,26.81,0.8592,0.3202,3
0.1402,0.0823,0.2393,37.4,2,17.92,0.8213,0.1,2
0.1094,0.0793,0.4525,11.54,2,34.67,0.7056,0.424,3
0.2779,0.0583,0.1991,26.5,1,4.73,0.9622,0.5506,1
0.3705,0.0427,0.0287,9.54,0,5.83,1.0651,0.9104,0
0.3284,0.032,0.0677,17.41,0,5.01,0.9953,0.7302,0
0.1831,0.0933,0.4485,9.67,4,37.25,0.7698,0.2844,3
0.1827,0.0968,0.8414,13.22,2,36.8,0.8296,0.5132,3
0.3706,0.0438,0.0279,15.14,0,6.72,1.018,0.6987,0
0.2756,0.0547,0.1522,18.09,3,8.52,0.8788,0.8272,1
0.3526,0.0424,0.0189,11.15,0,1.5,0.9666,0.736,0
0.1954,0.1142,0.6966,9.6,4,26.71,0.7184,0.3195,3
0.2322,0.1315,0.38,35.51,4,10.58,0.8571,0.4835,2
0.2872,0.0619,0.1606,25.27,0,9.0,1.0325,0.7855,1
0.1546,0.1011,0.5586,15.26,2,27.06,0.8122,0.5811,3
0.2312,0.0671,0.3898,36.94,1,21.06,0.8045,0.531,2
0.3115,0.0757,0.2014,38.6,2,19.88,0.8274,0.6002,2
0.2968,0.0789,0.0858,25.19,0,9.25,0.8198,0.7369,1
0.3319,0.0464,0.0449,16.42,0,7.03,1.009,0.8213,0
0.2141,0.0721,0.3221,34.71,2,16.13,0.8431,0.5121,2
0.1254,0.0922,0.546,11.1,3,35.45,0.8188,0.4784,3
0.2525,0.0631,0.2374,23.64,3,14.63,0.9156,0.3364,2
0.2701,0.0535,0.1358,17.05,0,9.71,0.8484,0.5232,1
0.2537,0.105,0.3252,34.39,2,17.47,0.8362,0.6093,2
0.2868,0.0519,0.1353,20.09,1,7.45,0.9074,0.5736,1
0.1001,0.065,0.6356,7.7,5,35.76,0.6477,0.4191,3
0.111,0.0851,0.7716,12.93,4,31.05,0.7055,0.4882,3
0.1551,0.143,0.5303,10.15,4,39.33,0.718,0.326,3
0.098,0.1085,0.6981,13.36,6,26.3,0.7812,0.5935,3
0.3056,0.0153,0.0465,14.19,0,3.27,0.9933,0.6411,0
0.1543,0.1107,0.7662,14.27,6,42.02,0.8034,0.4182,3
0.3426,0.0135,0.0619,18.52,0,8.22,0.8576,0.6067,0
0.3683,0.0354,0.0349,11.46,1,12.65,0.9739,0.6912,0
0.295,0.0537,0.1502,24.21,2,4.22,0.9131,0.5468,1
0.267,0.0468,0.2023,16.41,1,10.22,0.9051,0.5644,1
0.0814,0.0879,0.546,10.7,4,27.39,0.6981,0.3606,3
0.2955,0.0484,0.1416,23.1,0,16.34,0.8512,0.6526,1
0.1637,0.078,0.6788,16.78,6,33.51,0.6481,0.5581,3
0.3294,0.0413,0.11,26.55,0,7.47,0.9861,0.7885,1
0.2989,0.0424,0.0598,19.26,0,8.98,0.9283,0.8526,0
0.363,0.0428,0.1217,20.51,3,10.72,0.8628,0.6949,1
0.1418,0.1037,0.705,11.48,7,24.8,0.6842,0.3355,3
0.2966,0.0479,0.1815,25.38,1,12.8,0.9382,0.666,1
0.3573,0.0288,0.0587,14.35,1,2.46,1.0004,0.6478,0
0.1631,0.076,0.5559,12.29,6,33.32,0.5827,0.5412,3
0.3504,0.0433,0.0313,19.38,0,0.0,1.0051,0.6332,0
0.3714,0.0471,0.0688,19.56,0,4.71,0.9659,0.8822,0
0.32,0.087,0.3125,33.47,2,9.33,0.7889,0.5439,2
0.1486,0.1267,0.6068,6.65,8,30.58,0.832,0.276,3
0.2276,0.0932,0.2708,34.57,1,16.32,0.8207,0.5271,2
0.3251,0.0494,0.0366,21.7,0,7.12,0.9427,0.7679,0
0.1431,0.092,0.816,11.85,3,39.97,0.8213,0.3757,3
0.3376,0.0675,0.0889,20.4,1,12.29,0.9295,0.7181,1
0.3152,0.0477,0.1449,23.38,1,15.11,0.9455,0.5124,1
0.0953,0.0828,0.5861,17.17,7,37.95,0.8083,0.4544,3
0.3593,0.0338,0.0266,14.06,0,7.2,0.9559,0.6309,0
0.1733,0.0733,0.4836,9.41,6,29.16,0.8503,0.3249,3
0.1596,0.052,0.6285,16.27,3,25.24,0.5636,0.439,3
0.2124,0.0657,0.1937,14.46,1,14.68,0.886,0.4207,1
0.3748,0.0322,0.0444,15.03,1,6.04,0.9588,0.7388,0
0.3018,0.0303,0.0845,14.12,0,6.74,0.9613,0.7083,0
0.2328,0.0745,0.2765,36.75,4,16.21,0.8614,0.5154,2
0.1428,0.0981,0.6527,12.0,2,19.24,0.8154,0.2421,3
0.3079,0.0535,0.0271,14.0,0,2.98,0.9554,0.7138,0
0.2869,0.0621,0.1552,22.48,1,9.96,0.9129,0.7805,1
0.1553,0.0568,0.4125,7.98,2,43.82,0.717,0.2042,3
0.2447,0.1013,0.6537,17.47,1,31.98,0.802,0.2005,3
0.2838,0.0942,0.3255,28.96,1,12.54,0.8737,0.76,2
0.2484,0.0647,0.3093,30.92,2,21.68,0.8845,0.592,2
0.3073,0.0284,0.0687,17.54,0,7.87,1.0465,0.4612,0
0.3231,0.0308,0.0744,16.7,0,5.77,1.0054,0.823,0
0.253,0.0295,0.179,27.68,3,12.37,0.924,0.6525,1
0.3552,0.0459,0.0181,16.38,0,4.77,0.8833,0.6367,0
0.3451,0.0473,0.1833,11.96,2,8.08,1.0135,0.7844,1
0.2809,0.0332,0.0378,7.18,0,2.2,0.9293,0.6631,0
0.1276,0.0685,0.6126,10.1,4,34.3,0.6865,0.4772,3
0.3255,0.063,0.0486,15.33,0,2.76,0.9642,0.719,0
0.2443,0.091,0.3403,41.17,3,7.87,0.6965,0.5248,2
0.399,0.0397,0.0478,22.51,0,1.61,1.0032,0.7224,0
0.0954,0.094,0.7387,17.65,10,33.33,0.6885,0.3761,3
0.1684,0.1074,0.8397,7.62,4,21.42,0.6964,0.4675,3
0.3801,0.0299,0.0732,17.55,0,3.83,1.0214,0.5498,0
0.1833,0.1104,0.4504,18.08,4,38.57,0.7755,0.4609,3
0.0897,0.1046,0.3896,8.97,3,21.44,0.7741,0.1802,3
0.1512,0.068,0.757,15.26,5,18.35,0.8477,0.4753,3
0.3462,0.0479,0.0644,13.09,0,6.26,0.9405,0.6546,0
0.1406,0.0817,0.6028,12.0,3,35.81,0.6834,0.4731,3
0.1707,0.0933,0.6534,15.89,5,26.9,0.795,0.6039,3
0.278,0.0611,0.2871,35.0,4,12.02,0.7838,0.3715,2
0.2112,0.0739,0.4053,32.04,5,23.0,0.8048,0.4229,2
0.2764,0.0774,0.1201,27.48,0,10.85,0.872,0.5821,1
0.3425,0.0413,0.0427,12.78,0,4.1,0.8668,0.6664,0
0.1492,0.0942,0.5713,10.26,7,24.05,0.7766,0.647,3
0.2183,0.0605,0.2323,38.05,6,25.03,0.9037,0.6892,2
0.2341,0.0376,0.1185,18.28,2,8.27,0.8146,0.7646,1
0.3735,0.081,0.15,23.64,0,10.63,0.7865,0.6193,1
0.3045,0.0839,0.3801,31.8,2,23.19,0.7797,0.4625,2
0.3882,0.0564,0.0995,25.96,1,7.12,0.896,0.4269,1
0.1516,0.0705,0.7281,13.66,4,19.21,0.6007,0.5511,3
0.1664,0.104,0.5928,10.54,4,25.02,0.5866,0.3352,3
0.1604,0.084,0.7316,18.9,6,35.23,0.8143,0.4813,3
0.3651,0.0544,0.102,14.04,0,5.0,0.9304,0.43,0
0.2619,0.0496,0.133,25.52,1,10.09,0.9128,0.6244,1
0.3994,0.0696,0.1133,19.65,3,9.84,1.0456,0.7969,1
0.2817,0.0638,0.1071,24.29,0,14.37,0.86,0.4719,1
0.2574,0.0733,0.3918,42.01,3,15.23,0.7736,0.4862,2
0.0586,0.0978,0.6221,5.45,4,51.2,0.5,0.4319,3
0.3482,0.0412,0.0515,18.23,0,5.83,0.9805,0.7993,0
0.3501,0.0667,0.1768,30.89,1,8.62,0.8655,0.7193,1
0.2958,0.0599,0.151,30.6,0,11.66,0.9388,0.6144,1
0.3262,0.0216,0.0424,15.69,0,3.83,0.9958,0.5855,0
0.3249,0.0501,0.1376,29.22,2,16.84,0.9536,0.6147,1
0.2491,0.0701,0.1693,22.51,1,7.24,0.8753,0.5536,1
0.4118,0.0507,0.0608,10.06,0,3.29,0.9075,0.6596,0
0.2558,0.1075,0.2595,38.14,1,17.06,0.7193,0.6049,2
0.1251,0.1019,0.6005,10.99,7,20.45,0.7629,0.5033,3
0.338,0.0361,0.0468,11.01,0,4.02,0.9863,0.4967,0
0.2415,0.0215,0.2953,35.27,4,14.66,0.8143,0.6395,2
0.2727,0.0382,0.3103,38.83,2,23.39,0.8613,0.4897,2
0.2792,0.0755,0.2038,24.87,2,11.44,0.8439,0.7077,1
0.2761,0.0684,0.1459,27.12,3,7.82,0.8628,0.6531,1
0.1522,0.0656,0.6583,15.76,8,29.61,0.6973,0.5223,3
0.3443,0.0526,0.1383,21.83,1,10.7,0.986,0.5985,1
0.3961,0.0568,0.0595,12.24,1,1.59,0.9536,0.8799,0
0.2299,0.0654,0.4676,23.85,5,9.35,0.8377,0.5042,2
0.3732,0.047,0.0489,19.94,2,10.05,0.9308,0.7387,0
0.3384,0.0384,0.0579,15.39,0,2.45,0.936,0.7707,0
0.3517,0.0492,0.0545,17.54,0,3.42,0.9579,0.8541,0
0.1707,0.0793,0.7495,15.24,8,32.87,0.8717,0.5739,3
0.2837,0.0709,0.1557,23.85,0,15.92,0.9297,0.7229,1
0.3523,0.03,0.0457,18.86,0,3.33,0.932,0.6136,0
0.2656,0.0562,0.2715,34.63,3,15.14,0.8506,0.4385,2
0.3738,0.0638,0.1369,24.12,1,9.7,0.9562,0.4658,1
0.2592,0.0394,0.277,38.01,3,20.5,0.8793,0.6777,2
0.1493,0.0664,0.8141,15.65,5,35.45,0.688,0.437,3
0.3052,0.0654,0.3549,35.78,7,17.73,0.8168,0.2932,2
0.2445,0.0724,0.3932,34.68,2,26.04,0.8528,0.6092,2
0.244,0.083,0.3061,40.65,3,7.6,0.8683,0.5266,2
0.2157,0.0644,0.2949,38.89,4,16.87,0.74,0.3789,2
0.3211,0.0344,0.0911,8.41,0,8.39,0.9593,0.7673,0
0.1375,0.1098,0.7406,11.46,6,28.71,0.8238,0.4488,3
0.223,0.0795,0.2456,42.09,2,8.79,0.7019,0.4282,2
0.2976,0.0746,0.1375,24.11,1,9.31,0.9714,0.3826,1
0.1024,0.0592,0.7164,7.44,5,33.95,0.8864,0.6024,3
0.272,0.0981,0.7375,6.75,4,17.85,0.8685,0.2575,3
0.1664,0.0872,0.3629,43.33,3,16.78,0.8618,0.3851,2
0.285,0.0646,0.1175,26.42,2,7.57,0.9065,0.3125,1
0.3466,0.0521,0.074,17.68,0,2.77,0.944,0.7498,0
0.1199,0.0715,0.8191,13.7,10,39.91,0.6537,0.5611,3
0.3989,0.0298,0.045,16.76,0,4.83,0.8802,0.6954,0
0.3564,0.0292,0.038,18.61,0,9.66,0.9872,0.6699,0
0.2285,0.1024,0.3203,33.56,4,20.22,0.7173,0.4753,2
0.2692,0.0635,0.1696,25.87,1,12.55,0.926,0.864,1
0.2538,0.0946,0.3075,39.59,8,18.02,0.8921,0.6446,2
0.296,0.0461,0.1149,29.31,1,7.5,0.8675,0.5039,1
0.2871,0.08,0.1157,18.56,1,11.44,0.9008,0.6243,1
0.2104,0.0773,0.3553,39.76,3,15.1,0.7968,0.4015,2
0.3062,0.038,0.18,27.58,1,12.46,0.9162,0.4426,1
0.3105,0.0733,0.3124,33.84,4,23.72,0.7195,0.5418,2
0.3892,0.0567,0.0775,20.24,0,4.53,1.0327,0.6451,0
0.2475,0.066,0.3751,35.53,4,15.28,0.7884,0.521,2
0.3694,0.026,0.0512,13.55,0,5.04,0.9672,0.7252,0
0.273,0.041,0.351,31.95,2,12.91,0.9149,0.3118,2
0.1191,0.0811,0.535,13.11,5,35.41,0.6997,0.5553,3
0.1567,0.0946,0.7169,4.83,5,42.77,0.7953,0.2328,3
0.3331,0.0379,0.0534,15.38,0,3.84,0.9321,0.6899,0
0.1798,0.1146,0.8094,18.56,4,34.18,0.7809,0.4178,3
0.1332,0.1279,0.7124,20.45,4,36.65,0.8984,0.6261,3
0.3561,0.0395,0.042,18.59,0,1.34,0.9165,0.8865,0
0.3126,0.033,0.0217,13.47,0,3.77,0.9848,0.6897,0
0.3762,0.0348,0.0366,14.31,0,2.04,1.0223,0.6979,0
0.2976,0.063,0.0798,26.04,0,7.76,0.9357,0.587,1
0.2662,0.0817,0.3278,27.63,4,25.25,0.8343,0.3801,2
0.3483,0.0344,0.0647,16.29,0,4.49,0.9519,0.6547,0
0.3069,0.0344,0.0622,21.09,0,6.4,1.0147,0.5947,0
0.3433,0.0278,0.0302,12.46,0,5.38,0.9521,0.7731,0
0.3144,0.0771,0.0717,26.98,0,10.2,0.8594,0.457,1
0.314,0.0452,0.037,13.22,0,7.9,0.9941,0.634,0
0.2691,0.0493,0.1135,24.82,1,15.18,0.886,0.5198,1
0.3701,0.0293,0.037,14.89,1,4.09,0.9359,0.553,0
0.2889,0.0436,0.1278,28.76,0,13.18,0.9147,0.6169,1
0.308,0.0544,0.1567,24.28,3,9.89,0.8966,0.475,1
0.2711,0.0533,0.2987,25.2,4,12.38,0.6785,0.6442,2
0.0902,0.0907,0.6227,13.2,2,34.75,0.7089,0.3581,3
0.3306,0.055,0.0216,18.18,0,5.83,0.9766,0.726,0
0.3422,0.056,0.13,25.24,0,5.63,0.904,0.6848,1
0.3275,0.0428,0.0686,14.37,0,2.89,0.9211,0.8001,0
0.3503,0.0497,0.0437,16.58,0,5.35,1.0544,0.8143,0
0.2281,0.1114,0.3132,47.92,5,21.41,0.8634,0.6548,2
0.1651,0.0672,0.7265,14.51,4,36.18,0.8579,0.5128,3
0.1892,0.0889,0.3103,32.05,4,22.22,0.6784,0.6011,2
0.3122,0.0308,0.0566,7.89,0,8.04,1.0003,0.7673,0
0.3883,0.0558,0.0933,17.5,1,7.99,0.9111,0.7055,0
0.2131,0.0814,0.2261,36.47,1,17.39,0.9716,0.339,2
0.257,0.0746,0.3226,27.0,2,13.9,0.8748,0.5308,2
0.3442,0.0996,0.1168,28.62,3,15.45,0.9914,0.6376,1
0.3435,0.0381,0.0495,14.55,0,0.65,1.0014,0.8656,0
0.295,0.0559,0.1437,21.92,2,14.52,0.8128,0.6159,1
0.332,0.0347,0.0402,20.85,0,1.33,0.9379,0.7612,0
0.0676,0.0958,0.8901,13.06,2,40.56,0.6482,0.5636,3
0.3911,0.0248,0.0107,13.24,0,5.94,0.958,0.7155,0
0.1049,0.1156,0.5062,13.59,3,25.68,0.7103,0.5038,3
0.2853,0.0706,0.2112,32.02,1,14.26,0.7811,0.6974,1
0.2317,0.0499,0.1103,31.78,2,11.37,0.8834,0.6959,1
0.3242,0.0744,0.0942,19.83,1,0.0,0.8704,0.7428,1
0.2776,0.0842,0.2625,34.26,1,28.92,0.7227,0.5502,2
0.3536,0.0465,0.0435,12.42,0,5.17,1.0312,0.6215,0
0.081,0.1196,0.6305,13.69,5,28.19,0.6353,0.2432,3
0.2537,0.0397,0.1513,21.79,1,15.93,0.8554,0.566,1
0.1476,0.0367,0.5909,11.09,6,36.35,0.8778,0.2313,3
0.2177,0.0531,0.1589,23.61,1,10.78,1.0188,0.7029,1
0.2612,0.0607,0.1168,19.81,1,3.44,0.885,0.5706,1
0.2757,0.0949,0.4209,26.24,9,14.42,0.7984,0.4229,2
0.1125,0.107,0.6828,12.05,3,38.62,0.7436,0.5315,3
0.05,0.0978,0.6778,11.26,8,20.05,0.6454,0.3242,3
0.2367,0.1013,0.1739,35.4,1,26.53,0.8173,0.2721,2
0.3179,0.0348,0.0684,13.29,0,3.2,0.9742,0.7582,0
0.143,0.0912,0.6268,13.58,1,30.13,0.754,0.3321,3
0.3105,0.0994,0.3906,35.77,5,17.99,0.8861,0.3579,2
0.3233,0.0525,0.0652,15.28,0,4.48,0.9536,0.7992,0
0.3323,0.0427,0.0499,15.52,0,1.98,0.9542,0.8097,0
0.2922,0.0593,0.1956,25.47,1,4.47,1.0236,0.7657,1
0.1945,0.0978,0.3217,36.15,5,13.11,0.8545,0.4342,2
0.1031,0.1062,0.882,15.39,4,33.24,0.727,0.5531,3
0.1809,0.0948,0.5393,13.29,3,37.66,0.6007,0.3954,3
0.2756,0.0775,0.1794,38.75,2,8.25,0.8268,0.3822,1
0.3849,0.0463,0.0282,14.13,0,1.32,1.0151,0.4478,0
0.1618,0.115,0.6713,12.09,3,37.96,0.7017,0.3984,3
0.2561,0.0878,0.2664,39.34,5,23.71,0.8426,0.5222,2
0.188,0.052,0.7863,11.48,1,42.4,0.8041,0.4666,3
0.3649,0.032,0.0842,15.36,0,6.7,1.0242,0.7216,0
0.1259,0.143,0.511,8.87,8,24.73,0.7103,0.4459,3
0.3528,0.058,0.167,24.21,1,12.96,0.8733,0.5633,1
0.2712,0.0426,0.1979,29.93,0,10.06,1.0181,0.5936,1
0.3172,0.0517,0.1748,24.31,0,9.51,0.7971,0.6993,1
0.3126,0.0712,0.1656,14.28,2,12.71,0.9712,0.455,1
0.3793,0.0397,0.053,14.16,0,3.35,1.0468,0.7435,0
0.2556,0.0477,0.1685,25.16,0,13.29,0.8954,0.5983,1
0.3064,0.0927,0.3579,40.88,3,27.76,0.8464,0.5094,2
0.2298,0.0753,0.3412,27.95,3,13.03,0.8468,0.7129,2
0.1612,0.0738,0.8332,7.83,5,33.35,0.7274,0.5499,3
0.3331,0.0476,0.054,15.63,0,7.49,0.9141,0.699,0
0.2983,0.0797,0.212,23.88,0,11.23,0.9537,0.7175,1
0.3068,0.0478,0.1471,34.25,0,3.32,0.8565,0.63,1
0.2114,0.0522,0.6529,17.38,9,35.8,0.8769,0.3818,3
0.1412,0.0915,0.565,12.56,3,40.63,0.7144,0.3279,3
0.3911,0.0383,0.1221,24.74,0,5.21,0.9092,0.5754,1
0.3434,0.0544,0.0618,16.27,0,3.78,0.9284,0.7771,0
0.2232,0.1114,0.7981,11.91,6,35.81,0.67,0.495,3
0.3157,0.0382,0.0773,16.54,0,2.48,1.009,0.6507,0
0.2731,0.1135,0.2979,36.72,5,12.28,0.7815,0.5105,2
0.213,0.0769,0.2952,28.16,1,16.28,0.8322,0.2966,2
0.2163,0.0819,0.3564,42.08,4,19.6,0.8056,0.6129,2
0.2366,0.0794,0.3349,38.44,1,24.0,0.7195,0.5819,2
0.3124,0.073,0.1735,30.48,2,12.9,0.8855,0.7477,1
0.3045,0.0563,0.1277,30.56,2,15.41,0.8795,0.653,1
0.0671,0.066,0.5986,12.0,5,39.33,0.7811,0.34,3
0.1066,0.0692,0.5624,15.81,3,20.27,0.8797,0.3135,3
0.0713,0.0806,0.7705,17.79,2,32.75,0.741,0.5775,3
0.2782,0.0572,0.1612,25.38,1,11.33,0.9647,0.6365,1
0.341,0.0544,0.0492,14.63,0,0.57,1.013,0.6188,0
0.3206,0.0462,0.0743,13.77,1,7.8,1.0512,0.7215,0
0.2469,0.0577,0.2946,26.75,4,23.03,0.9077,0.4125,2
0.3374,0.0308,0.0,20.12,0,3.52,0.9246,0.6576,0
0.2862,0.0516,0.3123,38.65,1,28.6,0.7919,0.3753,2
0.133,0.0971,0.6487,4.0,6,30.5,0.682,0.3734,3
0.1442,0.1008,0.5608,15.07,5,40.68,0.8033,0.3511,3
0.3552,0.0276,0.0289,20.87,0,8.53,1.0272,0.8028,0
0.0726,0.1418,0.7009,4.0,7,37.76,0.8028,0.4428,3
0.3443,0.0464,0.0742,13.35,0,1.87,0.9806,0.6479,0
0.1739,0.0427,0.548,9.8,6,27.39,0.8386,0.4159,3
0.2932,0.0645,0.1603,16.22,1,10.89,0.979,0.5676,1
0.2878,0.0409,0.2047,21.12,2,12.57,0.8538,0.6364,1
0.3014,0.0386,0.1861,18.67,1,8.71,0.8831,0.616,1
0.2811,0.086,0.2492,40.53,2,15.23,0.835,0.6371,2
0.1054,0.0938,0.6252,15.31,9,34.29,0.6798,0.7407,3
0.2712,0.0619,0.2167,21.35,1,7.92,0.8823,0.5876,1
0.2697,0.0844,0.3741,39.75,2,22.22,0.8713,0.5845,2
0.3489,0.0433,0.0515,16.88,0,6.77,1.0277,0.8401,0
0.2951,0.0763,0.2022,47.95,1,11.43,0.8572,0.6176,2
0.2348,0.0716,0.3314,30.92,4,10.6,0.7134,0.6458,2
0.286,0.0421,0.4399,37.65,6,13.25,0.8694,0.5434,2
0.224,0.0615,0.3616,39.19,2,23.44,0.7683,0.4795,2
0.3213,0.0443,0.0425,11.86,0,5.49,1.0122,0.6269,0
0.2291,0.0884,0.2862,39.4,1,17.23,0.8901,0.5388,2
0.2342,0.0409,0.1299,21.59,2,4.49,0.8533,0.6969,1
0.3417,0.0959,0.2259,29.79,2,21.33,0.8974,0.6849,2
0.1091,0.0794,0.4767,7.47,4,35.69,0.6842,0.2979,3
0.1121,0.0914,0.5101,10.55,4,33.45,0.7753,0.3517,3
0.2223,0.0961,0.4072,29.91,1,22.01,0.8206,0.529,2
0.1228,0.0641,0.6038,9.09,9,44.98,0.6679,0.4556,3
0.2835,0.0744,0.3068,29.27,1,13.5,0.8916,0.5002,2
0.383,0.0356,0.0664,16.44,0,7.78,0.958,0.8007,0
0.2783,0.0712,0.129,19.74,1,6.84,0.8614,0.7001,1
0.3687,0.0405,0.0349,17.34,0,3.92,0.9622,0.6175,0
0.2741,0.0834,0.2891,41.2,1,23.15,0.6713,0.6501,2
0.1356,0.1265,0.76,17.26,3,34.42,0.6632,0.2641,3
0.3439,0.0311,0.0595,18.69,0,6.91,0.9301,0.571,0
0.3519,0.0402,0.0509,14.39,0,6.78,1.0549,0.8017,0
0.0747,0.0722,0.7339,6.93,7,34.3,0.8811,0.1285,3
0.3102,0.1015,0.137,30.29,0,7.25,0.863,0.5972,1
0.1115,0.0863,0.4842,11.33,4,25.86,0.6557,0.6368,3
0.2834,0.1091,0.3238,34.13,3,11.65,0.8493,0.5501,2
0.073,0.0998,0.7346,6.15,4,43.27,0.8053,0.2102,3
0.3657,0.0377,0.0819,19.56,0,4.54,1.0875,0.5711,0
0.1751,0.0649,0.6582,16.29,6,25.21,0.7788,0.373,3
0.1707,0.0762,0.6498,15.66,3,35.12,0.6757,0.1949,3
0.287,0.0662,0.149,28.82,1,7.3,0.9337,0.7547,1
0.2838,0.073,0.1224,27.51,2,16.99,0.9571,0.601,1
0.2961,0.0804,0.1745,21.94,0,6.06,0.9335,0.4614,1
0.3151,0.0657,0.141,28.78,3,13.22,0.9173,0.6342,1
0.3773,0.0681,0.1119,30.66,2,4.54,0.8348,0.5799,1
0.3064,0.065,0.3338,33.55,9,17.57,0.8147,0.5896,2
0.2305,0.0594,0.3551,36.95,2,11.25,0.8534,0.3918,2
0.2198,0.0814,0.4234,36.94,4,18.4,0.794,0.3821,2
0.2889,0.1053,0.2854,37.5,0,9.65,0.7664,0.706,2
0.1725,0.0635,0.4098,37.03,3,16.89,0.9236,0.567,2
0.3454,0.0483,0.0133,15.07,0,7.78,1.0236,0.6205,0
0.1856,0.0892,0.6359,11.49,10,40.54,0.8276,0.5249,3
0.2375,0.0964,0.31,34.49,3,11.41,0.8478,0.6715,2
0.3087,0.0573,0.1815,22.99,2,9.99,0.905,0.6066,1
0.28,0.0214,0.1663,30.87,1,4.71,0.9253,0.6593,1
0.2683,0.1199,0.3301,42.92,2,18.74,0.8954,0.3973,2
0.1685,0.1322,0.7389,7.91,4,36.88,0.5927,0.4287,3
0.1525,0.091,0.6318,17.1,7,25.66,0.725,0.3688,3
0.2616,0.0519,0.3118,39.57,6,18.06,0.7888,0.3997,2
0.1614,0.0733,0.3822,25.76,8,14.73,0.8264,0.4816,2
0.3429,0.0715,0.1713,18.69,2,12.7,0.8395,0.5322,1
0.2214,0.0637,0.0774,34.38,0,11.15,0.8692,0.7763,1
0.1333,0.0656,0.7336,15.44,1,23.88,0.7509,0.4362,3
0.2215,0.0976,0.2731,40.34,0,14.91,0.7739,0.5972,2
0.2371,0.0506,0.1572,32.41,1,10.81,0.9097,0.802,1
0.2538,0.0583,0.083,33.28,1,11.49,0.9392,0.6583,1
0.0943,0.0703,0.7123,5.24,5,39.57,0.8007,0.3949,3
0.1884,0.0884,0.7197,11.66,4,36.32,0.8648,0.3124,3
0.2909,0.0866,0.4019,39.65,3,17.16,0.8778,0.4945,2
0.2945,0.0839,0.2755,42.79,0,18.12,0.8441,0.48,2
0.3242,0.0332,0.0537,18.12,1,1.8,1.0304,0.6013,0
0.2295,0.1069,0.2534,35.14,3,23.71,0.7698,0.615,2
0.332,0.0375,0.0579,15.89,0,8.99,1.0614,0.7224,0
0.1791,0.0829,0.6247,5.45,5,36.11,0.6799,0.3101,3
0.3597,0.0345,0.0204,16.87,0,2.09,0.9291,0.877,0
0.3137,0.098,0.3735,36.02,1,17.55,0.7752,0.5102,2
0.2892,0.0426,0.0836,12.84,0,1.91,0.9465,0.6849,0
0.3036,0.0843,0.1225,24.68,0,12.07,0.7788,0.4848,1
0.0857,0.1148,0.8223,14.73,5,12.7,0.6785,0.4712,3
0.104,0.1358,0.5034,12.45,10,40.14,0.7439,0.5131,3
0.3655,0.0192,0.0219,15.6,0,7.89,0.8707,0.6823,0
0.2978,0.0496,0.2519,48.03,2,25.72,0.8066,0.5864,2
0.1482,0.107,0.6441,7.79,1,32.87,0.806,0.1169,3
0.3599,0.0439,0.0609,20.48,0,3.26,0.9485,0.5796,0
0.3336,0.0612,0.1292,22.67,0,11.94,0.8432,0.6335,1
0.1687,0.1069,0.8864,10.46,2,29.22,0.725,0.407,3
0.2064,0.0963,0.4543,9.32,3,26.27,0.7096,0.4252,3
0.137,0.0711,0.6127,8.77,3,25.24,0.8078,0.3777,3
0.3621,0.058,0.0305,10.75,0,4.94,0.95,0.5737,0
0.278,0.0552,0.1157,25.76,1,10.61,0.8782,0.6891,1
0.2296,0.1171,0.3098,41.96,2,13.86,0.7656,0.6064,2
0.2523,0.0962,0.3158,32.76,4,15.5,0.8872,0.6514,2
0.1404,0.0858,0.4729,5.63,5,39.79,0.8495,0.3709,3
0.1834,0.1042,0.2896,36.98,3,15.02,0.8383,0.4212,2
0.2603,0.0389,0.3281,38.64,2,23.73,0.9433,0.4584,2
0.2713,0.065,0.2388,31.35,2,20.99,0.9091,0.4173,2
0.1728,0.0885,0.572,10.2,7,37.29,0.7281,0.5153,3
0.3843,0.0448,0.054,14.72,0,5.63,0.9617,0.8194,0
0.1672,0.0903,0.2677,28.36,2,22.89,0.8114,0.6949,2
0.1553,0.1184,0.7285,8.52,2,43.13,0.5996,0.3492,3
0.3252,0.0441,0.0943,24.13,1,14.59,0.858,0.7232,1
0.2942,0.0511,0.1689,24.1,2,10.74,0.8531,0.6458,1
0.3607,0.0358,0.043,19.45,1,5.41,0.9049,0.8304,0
0.3233,0.0659,0.1378,21.02,0,15.63,0.7585,0.522,1
0.3239,0.0768,0.3781,39.83,4,26.67,0.8973,0.387,2
0.3248,0.0653,0.0636,18.89,0,0.0,1.0977,0.7066,0
0.2202,0.093,0.292,28.3,0,19.79,0.7293,0.4133,2
0.1713,0.0395,0.737,19.83,6,22.33,0.7505,0.436,3
0.3257,0.0418,0.0576,17.29,0,2.24,0.9304,0.7598,0
0.1358,0.0941,0.7357,14.7,5,31.83,0.639,0.3972,3
0.3689,0.0372,0.062,16.06,1,3.79,0.9077,0.6683,0
0.3974,0.0341,0.0679,18.09,1,7.02,1.0738,0.8303,0
0.3393,0.071,0.1504,29.26,3,17.15,0.8365,0.5648,1
0.1767,0.0855,0.7044,14.64,5,31.1,0.7414,0.3191,3
0.326,0.0644,0.1674,28.98,1,11.7,0.8975,0.4943,1
0.2643,0.0561,0.2057,27.99,0,18.98,0.9223,0.6584,1
0.3787,0.0435,0.084,19.79,0,7.22,1.0395,0.7098,0
0.3498,0.0421,0.039,18.4,0,7.48,0.9553,0.6164,0
0.2683,0.0667,0.3039,37.45,0,15.92,0.8232,0.5103,2
0.3676,0.0446,0.0602,13.74,0,7.69,0.9863,0.9027,0
0.2751,0.0488,0.1757,29.53,1,4.18,0.8254,0.5999,1
0.1202,0.135,0.7828,4.31,6,31.2,0.6894,0.4527,3
0.2273,0.0873,0.4568,28.6,1,11.53,0.8815,0.6314,2
0.231,0.0612,0.3239,32.3,3,24.66,0.7682,0.3614,2
0.3039,0.0591,0.0741,31.0,2,14.23,0.9408,0.7631,1
0.126,0.0991,0.5288,8.17,4,32.44,0.6813,0.6981,3
0.1714,0.0988,0.7095,12.47,8,35.0,0.5951,0.5007,3
0.1304,0.072,0.4166,14.46,4,33.95,0.7056,0.3871,3
0.0701,0.075,0.4023,7.41,5,27.69,0.8257,0.513,3
0.1023,0.1093,0.5546,17.19,3,18.69,0.7467,0.7616,3
0.3122,0.0967,0.3238,39.95,1,27.48,0.8544,0.4564,2
0.1605,0.0896,0.5899,14.04,6,35.88,0.8077,0.5108,3
0.3737,0.0348,0.0471,20.23,0,4.7,1.0567,0.6637,0
0.288,0.0465,0.0536,16.81,1,9.85,0.928,0.7818,0
0.2768,0.0674,0.1144,27.28,1,6.22,0.9096,0.6266,1
0.2122,0.0445,0.3591,38.23,6,19.53,0.7979,0.6064,2
0.2725,0.0652,0.373,31.01,2,26.08,0.7758,0.8526,2
0.1327,0.0663,0.6988,17.0,4,30.74,0.7071,0.5324,3
0.3936,0.0575,0.048,20.56,0,6.56,0.9872,0.6499,0
0.2125,0.1172,0.3137,34.77,2,18.21,0.8329,0.3391,2
0.2887,0.0383,0.1007,32.7,1,10.31,0.8474,0.4643,1
0.3775,0.0354,0.0706,16.53,0,2.53,0.9905,0.6199,0
0.1305,0.1077,0.6498,7.45,4,42.45,0.732,0.2947,3
0.1539,0.0798,0.4709,10.91,4,37.11,0.7886,0.3914,3
0.3189,0.0446,0.0576,25.41,0,4.45,0.948,0.7598,0
0.1781,0.1202,0.3792,7.81,6,33.05,0.719,0.2898,3
0.3809,0.0434,0.039,15.32,0,6.36,0.8828,0.5806,0
0.2553,0.1386,0.417,6.83,5,16.76,0.7468,0.3904,3
0.247,0.0501,0.0706,27.04,1,8.3,0.8961,0.6753,1
0.2564,0.0772,0.1389,24.54,0,9.58,0.9882,0.4899,1
0.294,0.0229,0.0562,15.22,1,6.75,1.0057,0.6585,0
0.4239,0.0287,0.0599,15.77,0,1.76,0.9556,0.5726,0
0.2603,0.0478,0.1248,26.45,0,12.53,0.8799,0.6811,1
0.2532,0.0876,0.3331,46.48,3,12.12,0.8732,0.6325,2
0.2369,0.0721,0.123,18.73,3,12.46,0.9689,0.572,1
0.3583,0.0259,0.0349,20.85,1,8.49,0.928,0.776,0
0.301,0.0423,0.1438,25.89,1,14.03,0.9784,0.706,1
0.2368,0.082,0.2017,29.02,0,11.01,0.8866,0.7997,1
0.1593,0.0316,0.5777,14.42,8,22.11,0.7692,0.5524,3
0.3228,0.041,0.0436,12.93,0,1.5,0.9565,0.6662,0
0.3791,0.033,0.0332,16.72,0,6.35,0.9357,0.6936,0
0.2119,0.079,0.2929,31.61,0,15.41,0.874,0.5587,2
0.2914,0.0508,0.0234,11.63,0,1.81,1.0055,0.6715,0
0.0994,0.0598,0.81,4.0,6,25.93,0.7956,0.392,3
0.3818,0.0557,0.0456,19.3,0,4.65,1.0492,0.7863,0
0.13,0.0722,0.4942,16.51,2,41.95,0.8635,0.4398,3
0.2879,0.0894,0.2957,31.79,2,15.4,0.8003,0.4789,2
0.2513,0.0634,0.133,28.26,0,16.39,0.8413,0.5848,1
0.4056,0.0234,0.0166,10.69,0,4.33,0.8888,0.7377,0
0.317,0.0532,0.1249,22.63,1,16.19,0.8596,0.693,1
0.29,0.0932,0.1516,33.2,2,2.31,0.9723,0.5623,1
0.3398,0.0734,0.1864,26.73,0,8.36,0.8475,0.5311,1
0.3405,0.0396,0.0441,14.39,0,5.25,0.8734,0.6066,0
0.3237,0.0904,0.1657,21.02,1,10.43,0.9503,0.7663,1
0.3847,0.0558,0.0312,12.73,0,7.98,1.0306,0.7488,0
0.322,0.0634,0.1296,28.38,2,3.99,1.0216,0.4499,1
0.2157,0.0482,0.2206,40.38,2,16.42,0.781,0.5209,2
0.3679,0.069,0.2436,25.77,2,13.41,0.9518,0.6102,1
0.1427,0.0395,0.5518,13.27,3,33.58,0.8038,0.4283,3
0.1954,0.0739,0.2786,42.83,2,17.58,0.9678,0.2711,2
0.3573,0.0467,0.0501,10.35,0,7.63,0.955,0.8116,0
0.3571,0.0473,0.1553,20.68,1,7.56,0.8987,0.5281,1
0.3104,0.0395,0.0212,18.96,0,7.56,0.9463,0.74,0
0.2601,0.0875,0.3097,46.42,1,15.79,0.8596,0.5208,2
0.3656,0.042,0.0497,15.6,0,1.43,1.0303,0.6561,0
0.3345,0.0627,0.0915,16.19,0,8.98,0.9931,0.7206,0
0.3603,0.0437,0.0795,18.3,0,5.63,0.9186,0.4559,0
0.3341,0.0396,0.0261,15.42,1,5.81,0.9347,0.6867,0
0.3286,0.0406,0.0702,15.11,0,3.6,0.9354,0.8199,0
0.2318,0.0586,0.1409,31.31,1,6.38,0.8951,0.5469,1
0.187,0.1071,0.3429,39.24,1,15.72,0.806,0.505,2
0.1934,0.0965,0.3183,40.83,4,17.66,0.6957,0.3033,2
0.2161,0.0887,0.238,36.89,4,18.66,0.6634,0.5312,2
0.2712,0.061,0.3666,34.61,4,17.64,0.8373,0.4708,2
0.1612,0.1394,0.3741,10.36,3,35.19,0.8121,0.4658,3
0.2256,0.0568,0.1045,29.95,3,10.5,0.9472,0.4525,1
0.2054,0.0955,0.7998,11.25,7,33.54,0.9472,0.3683,3
0.4316,0.0527,0.0279,14.71,0,5.14,0.9446,0.8254,0
0.1956,0.0964,0.2952,27.35,0,19.01,0.6742,0.4542,2
0.097,0.1641,0.6355,19.06,7,34.17,0.6232,0.3587,3
0.2639,0.0667,0.0764,26.43,2,7.55,0.8974,0.5733,1
0.2674,0.0763,0.2093,41.19,2,24.52,0.8842,0.4753,2
0.1704,0.151,0.6744,6.98,5,35.05,0.8225,0.4096,3
0.3133,0.0428,0.191,35.0,2,9.43,0.9121,0.5583,1
0.3066,0.0429,0.0,19.8,0,8.42,1.0409,0.6279,0
0.1826,0.0666,0.3176,34.75,1,12.07,0.7757,0.6524,2
0.1162,0.0923,0.6014,15.45,3,33.41,0.7473,0.3806,3
0.221,0.0455,0.3835,37.69,6,18.52,0.8501,0.5433,2
0.1652,0.1056,0.5328,10.31,4,30.45,0.782,0.2755,3
0.2005,0.0798,0.3067,29.02,4,21.46,0.8533,0.5987,2
0.3406,0.0613,0.1698,29.88,0,11.42,0.906,0.6429,1
0.2329,0.0733,0.4454,42.03,4,17.68,0.899,0.4847,2
0.376,0.0403,0.0297,19.49,0,5.31,1.0291,0.9007,0
0.2813,0.0662,0.2173,37.57,3,7.05,0.8748,0.5841,2
0.3015,0.122,0.2976,31.48,1,12.92,0.8237,0.3218,2
0.2759,0.1034,0.3932,44.22,3,23.88,0.8165,0.5808,2
0.3748,0.0545,0.0778,20.84,0,2.98,0.9166,0.7094,0
0.3522,0.035,0.0557,11.49,0,3.17,0.9429,0.6771,0
0.1298,0.1021,0.8491,11.11,6,29.68,0.6392,0.3931,3
0.2712,0.0523,0.3471,29.81,3,23.13,0.8365,0.7653,2
0.3664,0.0526,0.0717,11.26,0,5.38,0.9798,0.5967,0
0.3145,0.0344,0.0561,12.31,0,3.21,1.0696,0.8203,0
0.2918,0.057,0.2135,22.22,1,16.18,0.8565,0.4351,1
0.3507,0.0382,0.0465,12.68,0,7.82,0.97,0.8646,0
0.2988,0.0647,0.1558,19.65,1,8.67,0.9984,0.5948,1
0.2866,0.0533,0.0909,25.56,0,10.25,0.9885,0.5095,1
0.3243,0.0287,0.0778,15.93,0,8.82,0.9647,0.7617,0
0.2556,0.115,0.277,33.58,6,9.95,0.8117,0.6629,2
0.2347,0.0554,0.1512,35.61,1,5.32,0.9425,0.6957,1
0.3653,0.0659,0.2133,24.29,1,9.35,0.9016,0.5586,1
0.2636,0.0541,0.1616,42.6,0,24.79,0.9125,0.4263,2
0.2441,0.0781,0.1929,18.57,1,5.6,0.8991,0.5977,1
0.2171,0.0587,0.3677,37.0,2,25.09,0.8232,0.8168,2
0.1408,0.1045,0.6814,7.98,3,24.12,0.7912,0.4791,3
0.3687,0.0505,0.19,17.59,1,13.06,0.9075,0.6474,1
0.2384,0.0588,0.2602,38.8,0,17.65,0.9271,0.4681,2
0.377,0.0396,0.0684,15.04,0,7.38,0.9738,0.6972,0
0.2851,0.0448,0.1775,31.36,1,8.01,0.9065,0.5656,1
0.3511,0.0533,0.0255,16.86,1,2.77,0.9786,0.6981,0
0.2383,0.0568,0.3906,37.3,2,19.91,0.8165,0.2592,2
0.2551,0.0623,0.3024,46.85,3,16.53,0.7599,0.633,2
0.3555,0.0422,0.0708,15.37,0,3.75,0.9875,0.6458,0
0.2841,0.062,0.127,27.63,2,7.11,0.8849,0.5398,1
0.2443,0.0931,0.2756,29.93,3,12.82,0.7651,0.446,2
0.3621,0.0588,0.0292,13.14,0,6.11,0.9385,0.8979,0
0.3203,0.0301,0.0561,14.66,0,4.67,0.9707,0.7779,0
0.1143,0.0852,0.5483,11.52,6,26.16,0.579,0.5713,3
0.2597,0.0603,0.071,18.55,0,11.44,0.9052,0.6543,1
0.3199,0.0343,0.0,13.99,0,5.71,0.9746,0.7285,0
0.1411,0.0207,0.6775,12.3,6,27.95,0.6773,0.5246,3
0.273,0.0515,0.0989,26.35,1,10.04,1.007,0.5068,1
0.1838,0.09,0.2385,19.84,1,10.81,0.9221,0.6168,1
0.1481,0.0902,0.7021,15.24,6,43.59,0.7511,0.3487,3
0.4656,0.057,0.085,13.08,0,3.95,0.9395,0.7917,0
0.2822,0.0731,0.2195,39.28,0,10.99,0.8543,0.8143,2
0.3568,0.0366,0.044,16.07,0,0.0,0.9776,0.6571,0
0.1953,0.1033,0.6901,12.05,2,43.21,0.6481,0.3515,3
0.2329,0.0849,0.2962,31.82,2,27.99,0.6774,0.7343,2
0.1313,0.0707,0.4979,12.47,10,34.29,0.7818,0.3332,3
0.1463,0.1059,0.7398,9.89,4,29.83,0.7112,0.3812,3
0.2233,0.1021,0.2624,35.38,2,28.79,0.8416,0.4462,2
0.2284,0.0607,0.2572,30.4,0,14.06,0.7455,0.6866,2
0.1442,0.0755,0.8094,10.34,5,26.98,0.7109,0.5418,3
0.3193,0.0511,0.1125,29.72,1,12.49,0.8334,0.7653,1
0.0939,0.0978,0.6519,15.39,3,35.97,0.8483,0.378,3
0.3434,0.0344,0.1428,21.74,0,13.51,0.8994,0.6678,1
0.2552,0.0522,0.1063,27.23,0,10.27,0.8427,0.7476,1
0.3361,0.0427,0.0763,12.57,0,3.25,1.0133,0.5656,0
0.09,0.1011,0.8628,4.0,5,38.64,0.6873,0.5218,3
0.1611,0.092,0.3882,31.2,2,17.94,0.8904,0.4468,2
0.3976,0.0438,0.0642,11.49,1,6.4,1.0009,0.8599,0
0.2313,0.0517,0.1659,24.56,0,8.5,0.8586,0.5801,1
0.1706,0.0235,0.383,27.16,8,30.93,0.8301,0.7622,2
0.3352,0.0421,0.0999,16.35,0,2.45,0.9967,0.8851,0
0.3357,0.0502,0.104,28.03,1,12.07,0.938,0.3231,1
0.3088,0.0563,0.115,31.07,2,13.91,1.0012,0.6868,1
0.2753,0.0347,0.1517,21.97,0,6.56,0.7984,0.5169,1
0.3874,0.0542,0.0668,20.26,0,14.97,0.9092,0.5523,1
0.3349,0.0509,0.0566,18.56,0,5.65,0.9572,0.725,0
0.2439,0.0744,0.2909,33.29,2,22.62,0.7907,0.6173,2
0.4128,0.0364,0.0597,14.05,1,7.49,0.9826,0.7496,0
0.2393,0.112,0.4029,29.12,4,19.37,0.9004,0.5428,2
0.3018,0.0551,0.1968,27.16,0,7.98,0.939,0.8774,1
0.2971,0.0574,0.1716,19.49,0,14.89,0.8457,0.5123,1
0.0992,0.054,0.5328,12.09,9,40.77,0.6839,0.5864,3
0.2728,0.0875,0.2043,22.15,1,17.3,0.8941,0.618,1
0.3393,0.0693,0.1018,31.89,1,12.14,0.9304,0.6204,1
0.2327,0.0662,0.1822,20.67,1,10.11,0.9308,0.9485,1
0.3728,0.051,0.075,15.73,0,4.87,0.9362,0.843,0
0.146,0.0657,0.6378,13.54,6,29.36,0.8798,0.5058,3
0.2212,0.074,0.4122,44.92,4,13.76,0.7407,0.6286,2
0.3143,0.042,0.0696,12.98,0,4.26,1.0373,0.768,0
0.1845,0.067,0.256,37.39,3,22.26,0.8126,0.5161,2
0.3401,0.0617,0.1622,30.9,1,10.35,0.906,0.9149,1
0.2151,0.0695,0.1616,22.96,1,9.79,0.9992,0.7558,1
0.2842,0.0541,0.1234,29.47,3,14.09,0.9654,0.7762,1
0.2517,0.0764,0.1426,27.88,0,6.11,0.8766,0.608,1
0.2941,0.0992,0.2971,33.41,7,11.81,0.8195,0.5787,2
0.1449,0.0936,0.6997,12.66,4,52.23,0.6645,0.537,3
0.2674,0.0719,0.1509,15.85,0,11.56,0.875,0.4636,1
0.3616,0.0369,0.0588,21.82,0,1.96,0.987,0.6562,0
0.1651,0.1192,0.576,6.88,1,35.97,0.5654,0.3996,3
0.2504,0.0656,0.129,18.36,2,0.46,0.9686,0.5149,1
0.3713,0.0369,0.0766,21.2,0,4.12,1.0413,0.6713,0
0.3589,0.0373,0.0516,17.86,0,5.26,1.0562,0.977,0
0.2905,0.1055,0.3045,25.47,3,19.64,0.8898,0.5194,2
0.1453,0.0812,0.8545,7.07,8,28.31,0.7555,0.2761,3
0.406,0.0401,0.0362,16.51,0,4.52,1.0354,0.9103,0
0.352,0.0419,0.0602,14.58,0,2.56,0.9453,0.6622,0
0.1613,0.1025,0.6537,11.15,3,41.16,0.6998,0.3759,3
0.3593,0.0158,0.0584,18.84,0,5.34,0.9936,0.7688,0
0.1413,0.0826,0.5566,11.72,4,36.37,0.8747,0.3351,3
0.2635,0.0739,0.1535,27.01,2,11.03,0.8249,0.5958,1
0.3402,0.0904,0.4651,36.25,1,17.13,0.7712,0.7162,2
0.1931,0.0527,0.5453,12.83,4,30.77,0.6723,0.4063,3
0.2484,0.0644,0.2707,44.75,3,27.02,0.8295,0.4659,2
0.3218,0.0331,0.0617,15.91,0,2.22,0.9827,0.6367,0
0.3203,0.0701,0.0368,20.19,1,15.81,1.002,0.5474,1
0.3421,0.0494,0.0302,18.99,0,2.14,0.9513,0.796,0
0.323,0.0482,0.0592,17.64,0,5.65,0.9281,0.682,0
0.2696,0.0514,0.1625,27.33,2,4.71,0.8402,0.5819,1
0.1904,0.0754,0.2804,35.82,4,10.52,0.8254,0.5604,2
0.1307,0.026,0.7339,10.44,8,26.31,0.7942,0.6754,3
0.2917,0.1085,0.3273,42.73,1,15.7,0.7563,0.5608,2
0.1582,0.0723,0.7817,8.83,2,17.67,0.8125,0.4933,3
0.3074,0.0571,0.2871,38.11,1,20.67,0.7878,0.5286,2
0.2697,0.0638,0.1489,26.96,0,8.98,0.8675,0.7155,1
0.1621,0.1055,0.8598,12.77,3,40.54,0.7018,0.3,3
0.2695,0.0466,0.1525,25.46,0,7.5,0.9362,0.564,1
0.2337,0.0499,0.2861,29.92,2,10.11,0.842,0.7782,2
0.3067,0.0802,0.2197,35.85,1,9.97,1.0252,0.6911,1
0.3018,0.0374,0.047,15.76,1,4.4,0.9584,0.7723,0
0.0984,0.0906,0.3184,17.56,6,32.26,0.8034,0.5105,3
0.2566,0.1121,0.3381,29.32,3,16.06,0.7237,0.6475,2
0.2702,0.0922,0.1611,33.19,1,13.05,0.9587,0.7518,1
0.4027,0.0297,0.0715,18.24,0,3.31,0.9711,0.5817,0
0.3305,0.0524,0.1672,17.72,1,4.26,0.8958,0.3886,1
0.259,0.0824,0.2987,34.71,2,16.87,0.9634,0.4795,2
0.2548,0.0582,0.1634,27.44,1,5.62,0.8772,0.5269,1
0.2328,0.0651,0.2363,34.0,5,21.33,0.8126,0.45,2
0.2508,0.0708,0.1895,26.53,1,5.45,0.7797,0.6263,1
0.3607,0.0292,0.0516,16.64,0,4.01,0.9607,0.7197,0
0.2003,0.0609,0.1141,27.87,2,14.7,0.8778,0.5573,1
0.2457,0.1086,0.2957,34.86,1,19.71,0.8288,0.4147,2
0.1553,0.0902,0.4244,13.32,4,22.29,0.692,0.5411,3
0.3341,0.0483,0.0448,13.52,0,2.41,0.9868,0.8568,0
0.3551,0.0287,0.0408,21.32,0,5.46,1.0105,0.7331,0
0.1566,0.0755,0.6332,13.54,6,29.72,0.84,0.5044,3
0.1305,0.1208,0.5848,11.3,4,35.5,0.7635,0.3706,3
0.3521,0.0553,0.0584,13.46,0,3.09,1.0415,0.7385,0
0.1734,0.1295,0.3965,42.06,4,0.0,0.7924,0.5687,2
0.2585,0.0814,0.4127,36.49,2,20.47,0.8655,0.628,2
0.2814,0.0955,0.3297,35.06,2,26.58,0.7484,0.3008,2
0.1405,0.1032,0.6719,9.54,3,34.41,0.7191,0.2954,3
0.2292,0.0756,0.3423,26.61,4,22.03,0.9443,0.3458,2
0.1977,0.0834,0.3538,32.56,1,15.66,0.8956,0.6698,2
0.3789,0.0329,0.0705,19.89,0,4.53,0.9922,0.6726,0
0.3089,0.0439,0.1733,33.98,3,9.83,0.9225,0.7581,1
0.3438,0.0443,0.0578,10.37,1,6.01,0.9595,0.7284,0
0.2797,0.0862,0.3519,35.65,5,16.39,0.7865,0.7128,2
0.1692,0.074,0.51,16.11,4,21.81,0.6437,0.5047,3
0.1526,0.0569,0.755,12.92,8,35.67,0.696,0.3398,3
0.0965,0.1006,0.6349,15.18,4,37.04,0.9093,0.5186,3
0.1284,0.0934,0.3567,33.3,1,20.96,0.8467,0.4765,2
0.3339,0.0531,0.1266,28.83,3,9.53,0.9484,0.5634,1
0.2765,0.0711,0.12,23.69,1,5.18,0.8104,0.5971,1
0.3284,0.0336,0.0227,18.91,0,4.05,0.9006,0.6815,0
0.1576,0.11,0.6139,17.08,5,39.68,0.7313,0.5096,3
0.2892,0.0489,0.1366,15.89,0,13.63,0.9388,0.6214,1
0.3114,0.0408,0.1368,34.4,0,12.33,0.8557,0.6038,1
0.2973,0.0394,0.2371,25.17,2,12.03,0.9427,0.5443,1
0.1696,0.0425,0.508,16.61,2,29.52,0.7619,0.5386,3
0.1685,0.0736,0.3312,48.0,3,11.14,0.9904,0.581,2
0.1636,0.0818,0.6082,8.65,2,33.32,0.6627,0.3037,3
0.2147,0.0626,0.273,31.08,3,15.82,0.7978,0.4373,2
0.192,0.11,0.5969,10.73,4,32.07,0.7733,0.4918,3
0.3265,0.0482,0.0738,13.13,1,8.11,1.0513,0.7344,0
0.3334,0.0457,0.0758,19.17,1,1.12,0.9589,0.6659,0
0.327,0.0579,0.0458,20.19,0,5.34,0.8831,0.6004,0
0.2889,0.0743,0.292,32.76,3,20.57,0.7184,0.436,2
0.3297,0.0323,0.0798,16.86,0,4.56,0.9844,0.641,0
0.2354,0.0734,0.2578,21.04,3,16.36,0.7792,0.7348,2
0.1462,0.0945,0.5778,15.19,2,39.28,0.8528,0.5077,3
0.189,0.1074,0.3247,39.45,6,12.22,0.9199,0.5461,2
0.3423,0.0688,0.1181,25.75,2,8.32,0.9819,0.6872,1
0.1635,0.1038,0.3859,32.56,3,13.52,0.8635,0.3295,2
0.2768,0.0773,0.275,25.31,2,8.06,0.8816,0.6354,2
0.1193,0.0316,0.5242,10.54,5,43.09,0.6183,0.4625,3
0.2345,0.0912,0.7547,12.11,1,34.57,0.7187,0.4159,3
0.1571,0.0749,0.7134,11.9,1,21.19,0.6988,0.5663,3
0.256,0.0577,0.1381,29.03,0,10.1,0.9227,0.6588,1
0.1716,0.099,0.6394,4.83,7,34.48,0.7519,0.4241,3
0.255,0.103,0.2325,31.8,3,19.66,0.9113,0.4975,2
0.3687,0.0358,0.0258,15.7,0,4.54,1.0283,0.5779,0
0.2576,0.0429,0.3112,30.05,7,19.25,0.7355,0.6352,2
0.3597,0.0408,0.0378,15.37,0,6.07,0.9756,0.8338,0
0.1062,0.1116,0.4328,15.39,3,20.72,0.726,0.4778,3
0.2018,0.105,0.3169,34.77,1,13.5,0.9175,0.5184,2
0.1285,0.0815,0.802,10.67,2,37.03,0.7688,0.4368,3
0.4069,0.055,0.0613,14.49,0,4.29,0.9186,0.8351,0
0.3573,0.0376,0.0915,13.85,0,9.26,0.9983,0.6607,0
0.17,0.063,0.7889,14.67,3,31.2,0.6825,0.6153,3
0.3255,0.0193,0.0556,14.9,0,10.28,0.9531,0.7986,0
0.2855,0.0574,0.1,25.96,0,14.16,0.8539,0.5608,1
0.2421,0.0492,0.2982,39.81,3,18.32,0.8672,0.5376,2
0.3222,0.0342,0.0612,20.92,0,7.42,1.0272,0.5815,0
0.1779,0.0614,0.309,30.66,3,5.21,0.8024,0.6138,2
0.144,0.0597,0.6589,7.38,4,41.92,0.9077,0.4035,3
0.3382,0.053,0.1953,28.69,0,12.69,0.8463,0.431,1
0.326,0.0425,0.1206,31.22,0,4.3,0.8909,0.7062,1
0.3633,0.0314,0.0359,20.84,0,7.68,0.8782,0.7273,0
0.3312,0.0109,0.1237,23.36,0,13.9,0.8478,0.7031,1
0.2713,0.0293,0.199,15.24,0,11.14,0.9353,0.6276,1
0.1771,0.0957,0.7537,7.35,4,30.69,0.8484,0.3793,3
0.3744,0.0271,0.0619,22.19,0,5.9,0.9551,0.6628,0
0.3642,0.065,0.2049,27.17,0,8.94,0.9595,0.4087,1
0.175,0.0985,0.8127,8.93,5,30.98,0.6994,0.2756,3
0.3142,0.0544,0.1335,27.73,1,13.44,0.9385,0.6347,1
0.3461,0.0507,0.0463,13.04,0,4.15,0.9776,0.7228,0
0.1715,0.1032,0.7084,14.32,2,31.07,0.7793,0.5787,3
0.2167,0.0613,0.7235,8.73,3,36.63,0.6902,0.5323,3
0.2204,0.085,0.2933,41.38,5,19.0,0.8729,0.5478,2
0.3177,0.0524,0.1676,26.18,1,10.89,0.8026,0.8622,1
0.3131,0.027,0.064,12.8,0,5.85,0.9837,0.641,0
0.1739,0.0888,0.7756,17.13,5,32.36,0.8054,0.3733,3
0.3077,0.0786,0.1317,23.83,1,9.11,1.0044,0.8018,1
0.3358,0.0417,0.0463,13.19,0,7.61,0.9297,0.8403,0
0.3128,0.0684,0.2073,28.53,1,6.91,0.9087,0.8847,1
0.3795,0.063,0.1542,36.58,1,14.52,0.8862,0.5758,1
0.1351,0.0922,0.6214,12.17,5,28.07,0.6495,0.348,3
0.2397,0.0894,0.3172,44.92,2,19.39,0.923,0.4485,2
0.3654,0.0616,0.045,16.43,0,6.11,0.9113,0.8605,0
0.3136,0.0545,0.0105,17.33,0,5.19,0.9131,0.5574,0
0.2277,0.0719,0.6326,8.62,2,31.21,0.7516,0.5133,3
0.3689,0.0403,0.0564,16.06,0,8.33,0.8597,0.6791,0
0.1908,0.074,0.3126,42.68,4,13.28,0.7319,0.3757,2
0.05,0.0841,0.6637,12.67,8,36.82,0.7878,0.3047,3
0.3533,0.022,0.0587,19.27,0,3.45,0.8758,0.7389,0
0.1175,0.1015,0.8321,4.1,2,31.14,0.7111,0.6171,3
0.2948,0.0565,0.148,32.0,1,7.67,0.8798,0.5993,1
0.2389,0.0955,0.3868,44.07,5,10.4,0.7759,0.2766,2
0.3126,0.0462,0.0564,11.96,0,7.77,0.9663,0.5782,0
0.3615,0.0272,0.0633,16.92,0,4.89,0.9141,0.7581,0
0.3682,0.0673,0.1751,24.17,0,10.29,0.8931,0.4296,1
0.3449,0.0688,0.053,28.2,0,9.77,0.8616,0.628,1
0.2395,0.0465,0.1387,28.73,1,11.06,0.8291,0.6539,1
0.3079,0.0296,0.1853,21.29,0,11.08,0.8339,0.8039,1
0.3859,0.031,0.1576,28.44,1,2.46,0.8975,0.5197,1
0.1781,0.1052,0.6198,12.33,5,27.76,0.7858,0.3338,3
0.2724,0.0488,0.3311,36.81,2,25.96,0.7285,0.3484,2
0.1456,0.0833,0.5549,13.18,6,40.32,0.6892,0.3831,3
0.3304,0.0781,0.1355,22.72,1,6.25,0.8081,0.5958,1
0.3957,0.0456,0.0371,15.99,0,4.78,0.9942,0.7777,0
0.1764,0.0917,0.3826,31.35,1,19.47,0.7642,0.4801,2
0.2598,0.0939,0.3475,39.77,4,6.44,0.696,0.5973,2
0.3727,0.058,0.0579,15.55,0,3.46,0.9917,0.7822,0
0.3679,0.0541,0.0606,16.23,0,5.53,1.028,0.8704,0
0.343,0.0351,0.0579,14.64,1,8.23,0.9705,0.7705,0
0.3706,0.0265,0.0627,18.22,0,1.19,0.9614,0.7071,0
0.2522,0.0461,0.269,34.97,0,19.63,0.7925,0.4642,2
0.4001,0.0598,0.1832,23.36,2,13.5,0.856,0.5307,1
0.3285,0.0346,0.0693,17.1,0,2.63,1.0484,0.7602,0
0.3559,0.0342,0.0709,7.38,0,0.0,1.0326,0.732,0
0.249,0.0678,0.1709,30.31,3,10.73,0.9945,0.6178,1
0.3651,0.0338,0.0384,16.21,0,3.23,0.9512,0.7291,0
0.3344,0.0608,0.157,25.36,2,4.3,0.975,0.5543,1
0.2087,0.0832,0.2735,29.15,2,13.79,0.6986,0.3349,2
0.1908,0.0882,0.3641,23.64,1,18.69,0.8221,0.5978,2
0.1185,0.1046,0.747,8.77,1,41.96,0.6302,0.5034,3
0.3116,0.0762,0.1194,17.43,0,13.48,0.8889,0.5631,1
0.2273,0.0837,0.4388,29.16,1,16.98,0.9937,0.4367,2
0.1108,0.1067,0.5851,13.58,4,39.24,0.6277,0.2754,3
0.2022,0.105,0.7514,5.35,1,21.57,0.6741,0.39,3
0.3304,0.0508,0.1761,31.48,2,11.76,0.873,0.565,1
0.1817,0.0663,0.2693,37.45,3,16.19,0.8279,0.4674,2
0.3892,0.0503,0.0502,15.19,0,7.33,0.9201,0.6626,0
0.2872,0.0538,0.1976,30.37,0,13.33,0.9021,0.4611,1
0.144,0.1256,0.672,15.29,8,29.24,0.7755,0.3155,3
0.3694,0.052,0.0291,22.22,0,5.74,0.9236,0.6139,0
0.2506,0.0764,0.1523,22.92,0,10.28,0.9262,0.7086,1
0.1798,0.1261,0.6263,9.78,7,41.37,0.8445,0.4523,3
0.3094,0.0705,0.1397,23.7,1,4.67,0.8845,0.6413,1
0.296,0.0767,0.4346,32.92,2,18.2,0.8429,0.4328,2
0.2085,0.0624,0.1978,38.43,1,26.55,0.8453,0.7293,2
0.3177,0.0435,0.0471,18.42,1,6.9,0.9267,0.6774,0
0.2087,0.077,0.2398,32.76,5,7.35,0.7527,0.3516,2
0.2402,0.0809,0.3287,41.99,1,15.64,0.9663,0.5167,2
0.2107,0.0772,0.3319,29.22,3,11.05,0.8498,0.4256,2
0.3478,0.0196,0.0241,16.2,0,7.62,0.8767,0.5673,0
0.3337,0.0324,0.0846,14.88,1,4.54,0.9282,0.7002,0
0.3578,0.0375,0.0465,12.81,0,5.83,1.0066,0.5644,0
0.254,0.0735,0.1924,25.31,0,12.4,1.0253,0.4955,1
0.3013,0.0657,0.1152,15.18,1,12.06,0.8159,0.6404,1
0.2223,0.0815,0.4071,34.22,3,15.85,0.8838,0.6466,2
0.3349,0.0425,0.0586,18.08,0,5.9,0.8582,0.6372,0
0.1039,0.0984,0.6881,12.04,2,38.28,0.7976,0.4155,3
0.1468,0.0312,0.4741,14.66,8,42.19,0.7624,0.2841,3
0.0971,0.0933,0.702,11.1,4,39.86,0.7182,0.4218,3
0.1969,0.0482,0.5668,13.62,2,31.25,0.7222,0.5194,3
0.2279,0.0796,0.429,15.12,5,22.05,0.8517,0.6719,3
0.2236,0.072,0.3568,39.55,0,13.62,0.859,0.5907,2
0.3467,0.0555,0.0524,18.38,1,2.88,0.9304,0.6348,0
0.187,0.1059,0.5013,15.15,4,24.38,0.8219,0.4193,3
0.1114,0.0849,0.9147,16.72,3,24.74,0.779,0.3381,3
0.1881,0.1054,0.3599,38.55,3,11.75,0.8461,0.7126,2
0.2211,0.0828,0.3209,33.48,1,15.12,0.8036,0.5803,2
0.2289,0.083,0.2401,39.93,2,18.21,0.863,0.6072,2
0.2737,0.0902,0.319,39.27,7,24.05,0.877,0.595,2
0.1036,0.0732,0.6736,15.29,2,24.71,0.7497,0.3476,3
0.3167,0.0584,0.2322,24.95,1,6.06,0.9167,0.8742,1
0.3707,0.0339,0.0739,19.91,0,0.29,0.9242,0.8133,0
0.341,0.0477,0.0414,19.49,0,5.04,0.9274,0.6834,0
0.3613,0.0405,0.0524,20.63,0,6.92,1.0556,0.7209,0
0.1947,0.0914,0.293,40.15,3,22.0,0.8504,0.5129,2
0.3352,0.0549,0.198,29.45,1,14.07,0.8733,0.5852,1
0.18,0.077,0.5296,7.06,4,29.72,0.5,0.4342,3
0.3779,0.0359,0.0366,17.1,0,2.4,0.9991,0.6634,0
0.2634,0.0557,0.1411,26.94,1,10.92,0.8987,0.403,1
0.3724,0.041,0.0465,13.87,0,2.55,0.981,0.7349,0
0.2694,0.0642,0.1365,26.34,0,7.09,0.9337,0.5579,1
0.305,0.0844,0.1867,33.64,1,8.52,0.8896,0.7028,1
0.373,0.0314,0.0627,18.87,0,2.57,0.9514,0.9135,0
0.3604,0.0683,0.1568,28.89,0,10.06,0.9709,0.5394,1
0.213,0.038,0.3287,32.75,1,22.53,0.9132,0.5085,2
0.3252,0.0555,0.0377,12.57,0,0.68,0.9511,0.6541,0
0.3817,0.038,0.0185,16.91,0,4.96,0.9244,0.897,0
0.1524,0.107,0.552,9.77,6,41.96,0.7397,0.4464,3
0.4066,0.0323,0.0623,16.37,0,0.0,0.8607,0.7857,0
0.3436,0.0347,0.0455,17.28,0,5.83,0.9402,0.7489,0
0.1644,0.0642,0.3746,28.75,6,13.48,0.8927,0.759,2
0.3301,0.0567,0.0614,18.85,0,6.68,1.0081,0.7539,0
0.3695,0.044,0.0679,18.54,0,2.25,0.9371,0.7342,0
0.1108,0.1133,0.9099,15.56,9,34.55,0.5975,0.385,3
0.2979,0.1153,0.3544,33.6,3,10.66,0.8108,0.4618,2
0.2392,0.09,0.1824,27.2,0,9.15,0.8366,0.7086,1
0.1516,0.1066,0.5825,4.0,4,30.14,0.6398,0.4294,3
0.1502,0.0936,0.793,14.91,3,26.68,0.6426,0.358,3
0.1364,0.0794,0.6071,10.53,3,24.58,0.7344,0.419,3
0.2249,0.0694,0.2013,20.93,1,13.28,0.9249,0.7035,1
0.3514,0.0441,0.0482,15.94,0,4.17,0.9962,0.7753,0
0.2963,0.0604,0.1876,23.99,0,7.83,0.8205,0.7353,1
0.1435,0.122,0.4821,12.44,1,39.26,0.7932,0.4044,3
0.2718,0.0747,0.1646,30.53,0,1.63,0.8734,0.709,1
0.1863,0.1171,0.6844,4.0,5,14.12,0.81,0.3536,3
0.3398,0.0395,0.1475,19.75,1,18.66,0.8274,0.8112,1
0.2664,0.0778,0.4084,36.83,5,16.69,0.8101,0.4031,2
0.2687,0.0909,0.1608,36.79,1,18.33,0.786,0.3824,2
0.2855,0.1004,0.3683,39.14,4,17.05,0.799,0.2831,2
0.3356,0.0429,0.0654,15.94,0,2.48,0.9765,0.6303,0
0.2316,0.1003,0.3646,40.51,2,13.37,0.8164,0.7741,2
0.3289,0.0448,0.0646,17.31,0,4.3,0.9126,0.8343,0
0.3223,0.0806,0.0807,19.16,1,6.98,0.9879,0.6071,1
0.3534,0.0418,0.0527,11.78,0,7.97,1.0064,0.5647,0
0.2254,0.1064,0.4319,33.77,5,16.74,0.8023,0.7289,2
0.3252,0.0463,0.0537,16.78,0,5.05,0.8884,0.7269,0
0.2583,0.0786,0.2909,45.38,2,18.35,0.7668,0.3716,2
0.2504,0.0695,0.3457,36.2,4,17.53,0.7647,0.3767,2
0.3612,0.0595,0.1152,34.88,0,13.93,0.9473,0.5091,1
0.1404,0.0746,0.6909,14.96,8,30.69,0.7086,0.2118,3
0.2924,0.0465,0.0462,15.12,0,7.71,0.8919,0.6802,0
0.3465,0.0453,0.0716,20.98,0,3.8,0.9592,0.6866,0
0.4157,0.0349,0.0271,19.24,0,1.79,1.0209,0.9321,0
0.3087,0.0244,0.051,17.23,0,1.57,0.9405,0.6908,0
0.3297,0.0517,0.0599,13.37,0,3.25,0.9912,0.6284,0
0.3603,0.0502,0.1343,29.72,1,8.59,1.0004,0.6974,1
0.3608,0.0213,0.0406,11.31,0,3.33,0.9915,0.6603,0
0.0615,0.0675,0.6592,17.47,6,26.99,0.7952,0.6015,3
0.1511,0.1081,0.5309,11.75,5,42.56,0.6673,0.3417,3
0.3645,0.0449,0.0186,16.97,0,6.32,0.944,0.6379,0
0.3403,0.0407,0.0254,17.27,0,5.33,0.9449,0.8027,0
0.2278,0.0823,0.1114,22.21,2,11.95,0.844,0.6823,1
0.3515,0.0661,0.1512,25.4,0,6.43,0.8507,0.759,1
0.3181,0.0384,0.0823,14.07,0,10.07,1.0432,0.8453,0
0.3434,0.0434,0.043,16.6,0,5.44,0.9422,0.499,0
0.149,0.1119,0.5174,12.83,1,21.48,0.7538,0.535,3
0.1096,0.0789,0.6587,13.06,7,34.23,0.5907,0.333,3
0.305,0.0531,0.1439,33.14,0,8.8,0.9297,0.6801,1
0.1359,0.1142,0.8315,11.94,5,45.79,0.7267,0.3297,3
0.3368,0.0559,0.1579,28.11,2,3.79,0.8327,0.6509,1
0.3624,0.0411,0.0988,15.93,0,3.46,0.9124,0.6834,0
0.403,0.0339,0.0547,16.57,0,4.76,0.9512,0.6607,0
0.361,0.0247,0.0394,17.13,0,3.5,1.0198,0.7944,0
0.2192,0.1133,0.7211,13.86,6,30.52,0.5004,0.3288,3
0.2773,0.0467,0.1945,16.17,1,10.18,0.8026,0.7206,1
0.245,0.0708,0.3095,30.19,5,16.82,0.7844,0.3301,2
0.3578,0.0302,0.01,22.17,0,1.18,0.995,0.5842,0
0.0748,0.1186,0.609,10.04,6,26.37,0.8234,0.4708,3
0.2805,0.0207,0.1896,25.95,0,7.33,0.8471,0.7044,1
0.2029,0.0489,0.31,37.85,4,20.17,0.888,0.3775,2
0.3397,0.0487,0.0918,14.06,0,3.16,0.979,0.5579,0
0.3951,0.0444,0.0467,23.93,0,3.36,1.0922,0.673,0
0.2714,0.0483,0.0699,17.4,0,7.66,0.9161,0.754,0
0.1429,0.1002,0.733,17.49,4,38.97,0.7831,0.4964,3
0.1478,0.0887,0.2978,43.05,3,8.35,0.8841,0.5327,2
0.3414,0.0951,0.1635,18.71,3,9.54,0.8846,0.6235,1
0.1802,0.0726,0.7184,7.06,4,31.78,0.6859,0.1907,3
0.0856,0.0959,0.7452,11.16,4,32.28,0.7543,0.5126,3
0.1804,0.0994,0.4574,7.72,3,40.69,0.7657,0.4135,3
0.2303,0.0527,0.1684,23.41,1,12.79,0.8481,0.5596,1
0.3106,0.0728,0.0998,26.94,1,1.32,0.7759,0.5733,1
0.3785,0.0459,0.0506,14.58,1,3.77,1.0685,0.8397,0
0.369,0.0447,0.0828,11.15,0,5.17,1.0005,0.9007,0
0.1889,0.1126,0.672,8.25,6,33.94,0.7445,0.4299,3
0.3071,0.0577,0.0319,15.47,0,3.62,0.9338,0.6936,0
0.2353,0.0818,0.3587,44.28,1,24.06,0.7999,0.5422,2
0.3149,0.0473,0.0488,13.74,0,10.55,1.0343,0.6972,0
0.1012,0.0983,0.5463,16.82,3,29.54,0.8284,0.1786,3
0.3324,0.0875,0.1489,27.44,0,13.71,0.8536,0.6608,1
0.3621,0.0259,0.0189,19.0,0,3.74,0.9597,0.7515,0
0.242,0.0792,0.3023,32.53,4,19.04,0.9365,0.5025,2
0.1074,0.0894,0.7211,7.34,5,14.3,0.8123,0.5188,3
0.3382,0.0504,0.0647,8.91,0,3.05,0.978,0.602,0
0.3183,0.0279,0.0629,15.56,0,6.6,0.9581,0.7269,0
0.2821,0.0941,0.3715,28.59,2,12.47,0.845,0.7927,2
0.1446,0.0993,0.701,16.68,5,32.98,0.6661,0.6083,3
0.3346,0.0395,0.0748,19.38,0,11.03,0.8777,0.7057,0
0.2057,0.0576,0.1735,24.56,3,7.89,0.8529,0.6055,1
0.1326,0.0994,0.6948,6.25,7,26.43,0.794,0.4005,3
0.2166,0.0896,0.502,10.05,2,26.89,0.8196,0.4809,3
0.3649,0.0493,0.078,18.34,0,9.19,0.9152,0.5678,0
0.2716,0.0589,0.3339,38.24,2,20.94,0.7804,0.5546,2
0.1998,0.0562,0.2946,39.67,2,17.4,0.8389,0.3857,2
0.1792,0.0727,0.4235,33.33,3,15.94,0.9373,0.4046,2
0.2577,0.0795,0.2921,31.45,3,19.34,0.8055,0.3793,2
0.3943,0.0463,0.0436,12.95,1,4.03,0.9942,0.7357,0
0.266,0.0576,0.2258,37.04,2,19.18,0.7168,0.3983,2
0.2608,0.0469,0.1751,28.19,1,9.72,0.9421,0.5307,1
0.1413,0.0884,0.8565,9.62,10,40.18,0.7707,0.386,3
0.3267,0.0992,0.2636,43.07,3,12.97,0.7851,0.3043,2
0.2918,0.0582,0.1179,20.68,2,8.26,0.9697,0.5253,1
0.1187,0.0895,0.6215,13.92,3,28.12,0.7074,0.5272,3
0.1882,0.1127,0.2197,45.85,6,8.47,0.9118,0.6538,2
0.1602,0.0975,0.5583,11.59,2,26.94,0.8383,0.5342,3
0.1852,0.0945,0.3181,35.91,2,15.0,0.7727,0.6905,2
0.3365,0.0419,0.0699,15.68,0,6.1,0.9513,0.6419,0
0.1142,0.1039,0.6693,12.77,5,33.69,0.6688,0.2897,3
0.2799,0.0967,0.3073,32.38,4,14.04,0.8794,0.6599,2
0.2001,0.0641,0.341,42.57,1,10.17,0.9121,0.4082,2
0.3452,0.0441,0.0722,14.55,0,5.28,0.9592,0.7815,0
0.2664,0.0848,0.1523,26.43,3,12.59,0.9726,0.704,1
0.3237,0.0775,0.3697,30.37,7,16.11,0.8208,0.3827,2
0.27,0.0717,0.1624,39.9,0,11.05,0.9496,0.8009,1
0.3168,0.0487,0.073,8.73,0,5.25,0.894,0.7703,0
0.267,0.0374,0.1644,23.41,0,8.55,0.9554,0.6246,1
0.2528,0.0743,0.2166,34.72,0,23.81,0.8,0.4839,2
0.3016,0.0474,0.0583,17.85,0,6.54,0.9615,0.7541,0
0.3735,0.0373,0.0503,17.28,0,4.26,0.9593,0.9063,0
0.1699,0.1126,0.2915,37.02,1,10.15,0.9039,0.641,2
0.3788,0.0327,0.0177,18.34,0,7.01,1.042,0.8501,0
0.2739,0.0239,0.2185,39.88,1,20.61,0.8597,0.4897,2
0.262,0.1049,0.3165,33.1,4,21.25,0.818,0.3515,2
0.1433,0.0658,0.5897,11.24,2,34.33,0.7456,0.6848,3
0.2837,0.1091,0.3186,36.79,1,23.55,0.8251,0.6345,2
0.1037,0.0394,0.6545,11.38,2,25.93,0.8433,0.6365,3
0.2508,0.1104,0.2807,32.59,0,18.1,0.8659,0.6727,2
0.3663,0.0317,0.0393,20.43,0,6.42,1.0108,0.7754,0
0.3182,0.0424,0.0504,15.85,0,5.55,1.016,0.7987,0
0.3027,0.0599,0.1206,26.92,0,3.06,0.8233,0.4116,1
0.3355,0.0663,0.0258,20.12,0,6.73,0.8787,0.7808,0
0.2312,0.0547,0.1171,25.7,1,7.86,1.0157,0.6875,1
0.3327,0.0511,0.0349,15.96,0,5.86,0.969,0.5724,0
0.2539,0.0628,0.1098,27.41,1,0.25,0.9031,0.7272,1
0.3039,0.0498,0.1604,21.99,3,14.12,0.9386,0.7464,1
0.1269,0.0901,0.6842,9.42,10,33.5,0.7605,0.3963,3
0.2356,0.0844,0.3039,21.13,2,25.76,0.7928,0.1769,2
0.4089,0.0464,0.0472,15.84,0,5.62,0.9322,0.8351,0
0.2001,0.0895,0.3492,40.51,2,14.76,0.7559,0.3932,2
0.1059,0.1152,0.6405,14.85,7,20.43,0.868,0.6525,3
0.2394,0.1083,0.3873,34.93,2,23.5,0.9349,0.7374,2
0.3532,0.0536,0.1437,25.36,0,13.84,0.9658,0.631,1
0.3346,0.0777,0.1646,22.53,0,9.7,0.9559,0.6524,1
0.293,0.0744,0.1668,28.96,3,11.9,0.9324,0.7017,1
0.1757,0.134,0.6635,10.22,5,30.93,0.7979,0.2225,3
0.2766,0.0585,0.1948,24.52,0,17.85,0.8838,0.6577,1
0.2758,0.0703,0.1923,18.71,0,7.64,0.8878,0.3899,1
0.2402,0.0588,0.1472,24.79,1,10.84,0.9518,0.6917,1
0.176,0.0749,0.2959,29.19,1,18.23,0.7186,0.6401,2
0.2746,0.0403,0.109,26.78,2,10.02,0.8509,0.6771,1
0.25,0.0709,0.2976,27.75,5,21.8,1.0348,0.4611,2
0.2866,0.1085,0.3385,44.16,0,20.58,0.8179,0.7505,2
0.2695,0.0705,0.3608,39.42,2,22.38,0.8279,0.5869,2
0.2115,0.0915,0.2239,48.37,2,24.1,0.9186,0.5391,2
0.3935,0.0262,0.0226,15.08,0,3.96,1.0073,0.799,0
0.293,0.0553,0.1589,30.27,1,8.52,0.8524,0.524,1
0.0805,0.1178,0.7822,20.14,5,36.62,0.7505,0.1,3
0.3413,0.0447,0.0578,15.25,0,2.34,1.0207,0.742,0
0.3739,0.0347,0.144,33.07,0,11.11,0.8077,0.457,1
0.2343,0.0747,0.2475,25.66,1,8.89,0.8926,0.5669,1
0.3603,0.066,0.1029,27.09,0,7.06,0.9724,0.5588,1
0.221,0.1089,0.3918,29.45,5,16.29,0.8638,0.5183,2
0.3311,0.0562,0.134,14.76,0,8.37,0.9319,0.6627,1
0.1457,0.0776,0.7625,8.0,5,29.88,0.7748,0.501,3
0.2788,0.0372,0.292,35.68,4,15.9,0.8369,0.2979,2
0.1452,0.1125,0.7256,6.67,3,30.18,0.6689,0.416,3
0.2858,0.0851,0.3298,44.73,2,22.59,0.8478,0.6147,2
0.1362,0.1458,0.8211,4.87,5,25.99,0.6993,0.2909,3
0.224,0.0857,0.3512,35.57,2,18.08,0.8093,0.6974,2
0.1784,0.1074,0.7599,12.07,5,24.21,0.6757,0.454,3
0.1494,0.1117,0.5064,10.14,3,29.42,0.8099,0.3111,3
0.1937,0.0172,0.2607,49.18,3,27.56,0.863,0.4812,2
0.3304,0.073,0.1361,15.48,1,15.61,0.9185,0.6267,1
0.2904,0.0514,0.067,13.57,0,7.12,0.9668,0.613,0
0.2189,0.1142,0.3182,33.27,2,13.45,0.8365,0.1841,2
0.3029,0.0575,0.1771,26.46,0,7.36,0.9773,0.655,1
0.264,0.0531,0.2749,33.26,1,20.39,0.8401,0.5329,2
0.3308,0.0378,0.1516,22.02,2,11.62,0.9022,0.5119,1
0.1709,0.1078,0.695,12.91,4,23.45,0.6717,0.4919,3
0.3407,0.0357,0.0735,13.59,0,5.41,0.9925,0.824,0
0.3642,0.0357,0.0591,19.09,0,7.4,0.9419,0.7592,0
0.2514,0.0554,0.2617,36.49,5,26.35,0.8991,0.3633,2
0.3175,0.0554,0.1642,20.34,2,11.87,0.9485,0.6145,1
0.1802,0.0677,0.7419,12.45,4,29.21,0.8188,0.4986,3
0.2639,0.0512,0.1704,34.77,1,7.57,0.9209,0.6261,1
0.2069,0.0586,0.2984,22.55,1,20.77,0.8787,0.4597,2
0.3403,0.063,0.147,29.08,1,9.06,0.7779,0.6828,1
0.1955,0.0714,0.6568,11.37,3,42.73,0.6513,0.3486,3
0.3078,0.0646,0.0687,13.4,0,2.15,0.8906,0.6708,0
0.3603,0.0458,0.076,13.57,0,3.68,1.0029,0.8515,0
0.2416,0.0572,0.2779,44.77,2,12.23,0.829,0.6124,2
0.3169,0.0751,0.1106,26.24,1,9.3,0.8784,0.6498,1
0.2245,0.0639,0.134,26.52,2,7.49,0.9014,0.6946,1
0.1494,0.1079,0.6632,5.93,5,20.84,0.5935,0.3578,3
0.3425,0.0211,0.063,14.83,0,4.58,0.9966,0.8492,0
0.2718,0.0569,0.2956,39.33,3,12.8,0.8743,0.6708,2
0.1694,0.0658,0.2705,34.6,2,12.85,0.8895,0.3069,2
0.1707,0.0888,0.7275,7.43,6,27.95,0.689,0.3807,3
0.2855,0.0784,0.1623,34.89,0,8.36,0.892,0.5082,1
0.3477,0.0366,0.0521,14.82,1,5.67,1.0448,0.6393,0
0.1652,0.0697,0.2677,37.48,2,16.85,0.8009,0.5323,2
0.3102,0.0501,0.0545,12.49,0,0.96,1.0126,0.5562,0
0.3147,0.0541,0.1744,19.42,0,8.94,0.9566,0.399,1
0.3529,0.0407,0.0486,12.78,0,5.28,0.9687,0.4573,0
0.0639,0.0646,0.5938,11.13,4,28.64,0.8221,0.6075,3
0.1974,0.0491,0.3273,41.39,1,20.1,0.8366,0.4683,2
0.3013,0.046,0.0753,23.33,0,8.49,0.8218,0.6896,1
0.2856,0.0621,0.3564,51.88,4,15.35,0.7885,0.3372,2
0.1673,0.0647,0.8078,21.42,7,34.79,0.7395,0.4523,3
0.2101,0.0557,0.3255,33.75,0,14.11,0.7997,0.4057,2
0.2723,0.0848,0.378,40.93,2,15.2,0.7715,0.4304,2
0.1751,0.0965,0.7867,8.3,5,21.68,0.6945,0.197,3
0.0563,0.0747,0.4628,13.9,7,37.11,0.9138,0.302,3
0.3085,0.0457,0.0619,13.77,0,2.11,0.9987,0.7858,0
0.3624,0.0498,0.0422,15.9,0,0.74,0.9051,0.812,0
0.2647,0.0541,0.4212,35.74,3,23.47,0.853,0.5913,2
0.332,0.0426,0.0623,14.53,0,0.71,0.9669,0.7327,0
0.1851,0.088,0.3797,37.59,5,18.15,0.6649,0.5009,2
0.2405,0.066,0.3391,34.67,2,21.77,0.7455,0.5587,2
0.1048,0.0751,0.7024,8.81,6,30.72,0.8187,0.2286,3
0.294,0.0564,0.1369,31.53,2,6.41,0.8782,0.5311,1
0.3274,0.0509,0.0671,17.64,0,7.42,1.0331,0.7959,0
0.2904,0.0888,0.3103,32.81,3,19.2,0.8727,0.3967,2
0.2836,0.0861,0.3415,37.86,5,14.18,0.8274,0.4829,2
0.1666,0.0749,0.2832,46.32,3,15.29,0.8363,0.6064,2
0.1491,0.0438,0.6655,15.92,3,25.07,0.7652,0.2636,3
0.2759,0.0478,0.1865,18.27,0,13.44,0.8106,0.606,1
0.3944,0.0196,0.1012,18.26,0,7.6,0.8975,0.7053,0
0.3489,0.0691,0.1213,23.99,1,13.08,0.8749,0.6392,1
0.2635,0.0367,0.2265,39.72,3,33.34,0.8723,0.5624,2
0.3092,0.0849,0.2783,33.59,1,18.13,0.7584,0.5053,2
0.2915,0.0662,0.1168,29.87,1,9.39,0.8954,0.6975,1
0.2936,0.0735,0.1147,31.31,0,8.15,0.9378,0.7201,1
0.3026,0.0682,0.085,20.27,1,9.69,0.9296,0.5824,1
0.4143,0.0503,0.0339,18.4,0,3.65,0.9544,0.6996,0
0.2843,0.0551,0.1577,24.76,1,5.83,0.9127,0.5794,1
0.1746,0.0712,0.5141,12.11,7,23.26,0.698,0.5173,3
0.1185,0.1086,0.7153,15.07,5,39.61,0.8723,0.4683,3
0.2715,0.0809,0.3428,44.75,4,12.72,0.7963,0.5207,2
0.3557,0.0716,0.3038,29.67,1,12.43,0.863,0.4499,2
0.2237,0.0814,0.2899,35.63,3,21.59,0.8314,0.6761,2
0.0858,0.1033,0.8652,9.23,7,29.24,0.6614,0.408,3
0.3032,0.052,0.201,20.43,0,7.91,0.9069,0.8756,1
0.258,0.094,0.2857,36.28,3,17.8,0.9354,0.3831,2
0.2572,0.0757,0.4296,31.69,1,11.32,0.9531,0.3204,2
0.3577,0.0222,0.0375,16.97,0,8.35,0.9902,0.6938,0
0.05,0.089,0.6112,11.78,2,31.57,0.8183,0.5854,3
0.3239,0.0675,0.2243,23.18,0,11.02,0.9485,0.6212,1
0.2886,0.0781,0.2599,35.73,4,32.23,0.7604,0.3992,2
0.243,0.1078,0.2861,30.92,3,12.41,0.8403,0.4106,2
0.3373,0.0702,0.1396,22.49,1,8.64,0.9692,0.6804,1
0.3148,0.0692,0.0982,33.95,0,19.53,0.919,0.4926,1
0.284,0.0824,0.3488,36.78,2,23.53,0.8384,0.5134,2
0.221,0.0919,0.2826,33.93,2,24.93,0.805,0.7088,2
0.1736,0.0831,0.8616,16.8,4,39.05,0.841,0.479,3
0.3082,0.0988,0.326,41.9,8,8.42,0.7703,0.6429,2
0.3419,0.0549,0.09,25.44,1,13.66,0.971,0.6448,1
0.1543,0.1315,0.5692,10.72,4,28.55,0.8488,0.3843,3
0.3058,0.0585,0.1644,24.24,1,9.02,0.8519,0.7581,1
0.2939,0.063,0.1819,24.24,0,10.81,0.8823,0.5376,1
0.2794,0.0394,0.1767,28.44,0,5.82,0.9899,0.6833,1
0.3341,0.0392,0.0613,14.21,0,5.14,0.9598,0.7898,0
0.3424,0.0515,0.0534,15.26,1,9.42,1.0435,0.6177,0
0.3747,0.0179,0.0401,15.89,0,0.0,0.9382,0.7482,0
0.1362,0.1194,0.7219,15.42,6,38.97,0.7863,0.5438,3
0.3109,0.0585,0.058,17.86,0,7.93,0.974,0.696,0
0.3359,0.0465,0.0537,14.89,0,6.65,1.0343,0.6092,0
0.3504,0.0289,0.0161,19.65,0,6.88,0.9134,0.8204,0
0.2338,0.0874,0.2936,32.85,2,22.1,0.8517,0.7578,2
0.1225,0.0573,0.5586,11.02,5,26.28,0.7791,0.4103,3
0.3054,0.1091,0.4153,24.25,5,17.91,0.6821,0.5382,2
0.212,0.0664,0.3137,32.48,1,19.05,0.8,0.4656,2
0.2551,0.078,0.1614,31.51,3,15.6,0.9241,0.7447,1
0.3444,0.0608,0.0,13.76,0,2.21,0.9549,0.5888,0
0.136,0.1059,0.4232,40.95,2,16.55,0.8927,0.3156,2
0.2545,0.0837,0.1225,25.23,1,13.43,0.825,0.6395,1
0.2008,0.0772,0.3069,30.12,3,8.87,0.7737,0.3422,2
0.1529,0.1086,0.5831,8.49,5,21.36,0.8155,0.3831,3
0.3521,0.0393,0.0538,14.71,0,4.83,1.0159,0.7415,0
0.3563,0.0314,0.0255,17.54,0,7.08,0.9561,0.6712,0
0.159,0.089,0.7112,6.95,5,44.58,0.8871,0.6657,3
0.2928,0.0621,0.2117,24.28,1,8.06,0.8395,0.6508,1
0.1823,0.0865,0.7222,15.94,1,23.37,0.6636,0.3602,3
0.2618,0.0631,0.1942,26.75,3,15.27,0.963,0.5547,2
0.3092,0.0382,0.105,21.06,1,10.32,0.8419,0.7068,1
0.1453,0.1414,0.7052,12.03,6,37.38,0.7761,0.5103,3
0.3184,0.0415,0.1011,22.83,2,8.56,1.0966,0.6529,1
0.3757,0.0516,0.0233,14.58,0,5.78,0.9448,0.7964,0
0.3178,0.0565,0.1866,24.42,0,7.24,0.8967,0.6008,1
0.3468,0.0434,0.0651,9.59,0,8.0,0.9315,0.8713,0
0.275,0.05,0.1573,29.09,1,12.79,0.9105,0.7265,1
0.3004,0.0665,0.2122,26.25,3,8.49,0.9308,0.6297,1
0.1692,0.1495,0.5401,12.37,4,25.53,0.7614,0.4105,3
0.0613,0.0502,0.522,13.2,3,33.08,0.7624,0.4082,3
0.3458,0.0463,0.1753,18.43,1,4.4,0.9319,0.6536,1
0.304,0.0425,0.0591,17.91,0,3.67,0.8572,0.861,0
0.1947,0.0883,0.2394,26.47,5,18.9,0.7388,0.5643,2
0.3219,0.041,0.1421,28.35,1,18.3,0.9374,0.6136,1
0.0921,0.1003,0.5383,16.49,6,33.19,0.6372,0.4614,3
0.3077,0.0456,0.1703,27.98,1,9.25,0.9524,0.738,1
0.3442,0.0645,0.053,15.46,0,7.54,0.9165,0.5353,0
0.3535,0.0419,0.0554,14.14,0,6.17,0.9869,0.8347,0
0.1991,0.0999,0.7718,6.16,3,27.88,0.7817,0.5388,3
0.2746,0.0501,0.1146,23.6,0,12.44,0.9055,0.4461,1
0.2709,0.0342,0.131,24.28,3,11.02,0.9453,0.7103,1
0.0629,0.0529,0.8175,12.18,2,31.69,0.7302,0.2202,3
0.3654,0.0314,0.0461,16.26,1,6.86,1.0679,0.6031,0
0.3105,0.0549,0.1258,18.99,0,9.01,0.9096,0.6172,1
0.1778,0.0756,0.7427,21.95,2,35.35,0.7159,0.5263,3
0.1208,0.0669,0.555,8.45,6,45.28,0.7899,0.3777,3
0.4055,0.0488,0.1279,10.08,2,4.22,0.7977,0.3455,1
0.3237,0.0343,0.0705,15.51,1,3.83,1.0321,0.8719,0
0.2535,0.0947,0.3863,36.11,2,14.62,0.8396,0.4394,2
0.3108,0.0823,0.3349,33.21,4,18.62,0.7178,0.3105,2
0.336,0.0395,0.054,15.42,0,2.82,0.9783,0.7332,0
0.2986,0.0383,0.0231,15.22,0,0.0,0.9299,0.5798,0
0.414,0.0456,0.0343,16.25,0,5.0,0.9296,0.771,0
0.2099,0.0452,0.2431,39.92,3,5.78,0.8157,0.7766,2
0.272,0.1108,0.3625,31.71,1,5.95,0.7984,0.6201,2
0.1517,0.0796,0.5435,11.91,2,18.35,0.8768,0.3962,3
0.2942,0.085,0.1782,24.96,1,8.2,1.0004,0.6726,1
0.1422,0.0904,0.5429,10.06,5,37.1,0.9658,0.432,3
0.1316,0.0994,0.629,6.28,5,19.97,0.9183,0.2215,3
0.33,0.0512,0.1231,21.28,1,10.44,0.899,0.7492,1
0.2737,0.0286,0.1887,26.83,0,9.99,0.9037,0.3102,1
0.3697,0.0386,0.0435,19.42,0,8.37,0.9463,0.7399,0
0.3623,0.0792,0.1319,22.31,2,11.52,0.9716,0.552,1
0.1095,0.0978,0.6886,13.94,1,38.31,0.773,0.4802,3
0.3288,0.0418,0.0584,18.86,0,6.57,1.0583,0.6272,0
0.3456,0.0423,0.0433,17.08,0,3.24,0.9372,0.5874,0
0.1961,0.0621,0.5734,12.97,6,31.61,0.814,0.5693,3
0.2342,0.1083,0.3429,24.04,3,11.02,0.6666,0.4897,2
0.3144,0.0749,0.139,29.57,1,3.78,1.0138,0.6889,1
0.2912,0.0834,0.2814,40.8,0,21.5,0.7761,0.6626,2
0.2743,0.0728,0.294,38.69,0,24.89,0.7457,0.3995,2
0.2682,0.054,0.1602,23.59,0,12.5,0.8263,0.676,1
0.0803,0.0824,0.53,11.94,7,42.39,0.7103,0.2185,3
0.3224,0.0524,0.0702,20.96,1,12.82,0.794,0.5658,1
0.1919,0.0686,0.3206,32.21,2,20.07,0.7812,0.6778,2
0.2408,0.0612,0.2558,40.88,5,22.94,0.7926,0.6419,2
0.2738,0.1088,0.2906,41.28,5,5.53,0.8852,0.4376,2
0.0831,0.0486,0.7099,13.88,4,29.06,0.9798,0.4996,3
0.3208,0.0678,0.1262,21.71,3,7.94,0.9637,0.5614,1
0.352,0.0334,0.0495,15.32,0,5.39,0.9449,0.4824,0
0.3494,0.0317,0.0391,20.18,0,5.59,0.9419,0.6997,0
0.267,0.0673,0.3344,34.65,8,8.37,0.7905,0.4624,2
0.236,0.0611,0.342,29.68,0,4.66,0.7633,0.4439,2
0.1709,0.0696,0.8307,4.95,5,32.33,0.6907,0.2009,3
0.3253,0.0395,0.0532,15.61,0,3.47,0.9712,0.7184,0
0.2888,0.0588,0.0663,17.49,0,4.35,0.931,0.7322,0
0.391,0.0335,0.0503,16.58,0,5.28,0.9454,0.914,0
0.3429,0.0415,0.0556,16.57,0,7.76,0.8515,0.7209,0
0.2957,0.0811,0.138,33.97,0,9.1,0.8646,0.4301,1
0.2473,0.0745,0.3709,35.2,1,12.86,0.9737,0.6766,2
0.1412,0.0567,0.5264,11.5,6,18.17,0.9014,0.5023,3
0.2423,0.0355,0.3284,29.14,2,12.47,0.8051,0.3862,2
0.0881,0.1068,0.5333,14.25,5,30.88,0.7592,0.4545,3
0.3402,0.0433,0.051,18.71,0,6.06,0.9544,0.5467,0
0.1869,0.0873,0.2901,29.32,4,14.34,0.8311,0.4803,2
0.1746,0.0728,0.3386,41.19,4,19.17,0.911,0.5072,2
0.1886,0.0694,0.4365,47.84,1,24.75,0.7968,0.5194,2
0.0949,0.0768,0.6802,7.83,5,46.89,0.7345,0.5361,3
0.1965,0.0545,0.2584,36.67,3,23.79,0.7921,0.559,2
0.3048,0.0696,0.153,25.62,1,7.33,0.8223,0.808,1
0.1639,0.0847,0.6703,14.15,4,23.4,0.7646,0.2176,3
0.2813,0.0615,0.0966,25.48,0,1.97,0.7768,0.7164,1
0.357,0.0289,0.0235,14.94,0,5.11,0.9657,0.8383,0
0.2082,0.0906,0.3645,38.4,5,17.52,0.7984,0.5575,2
0.1327,0.1037,0.7509,10.89,5,23.61,0.692,0.4022,3
0.1663,0.0366,0.7464,10.48,2,35.22,0.7001,0.284,3
0.2866,0.0917,0.1524,29.83,1,15.76,0.9245,0.6544,1
0.2714,0.0804,0.0848,23.16,0,12.31,0.8887,0.6906,1
0.1952,0.0892,0.1495,27.79,1,9.37,0.8238,0.4702,1
0.3461,0.0826,0.2664,34.4,4,12.98,0.7793,0.5349,2
0.2689,0.0595,0.2952,41.03,2,14.92,0.8079,0.3758,2
0.1254,0.0688,0.5179,10.05,5,23.64,0.591,0.6853,3
0.1942,0.0745,0.3297,32.52,2,11.72,0.7445,0.3833,2
0.3176,0.0488,0.0148,17.55,0,6.33,0.9405,0.815,0
0.2319,0.0321,0.0602,28.69,2,7.54,0.8004,0.3932,1
0.2475,0.099,0.2438,35.11,5,29.02,0.7181,0.5355,2
0.2353,0.0595,0.3469,29.76,4,9.27,0.8604,0.385,2
0.2236,0.0654,0.0481,27.73,1,7.73,0.7605,0.6346,1
0.3039,0.0614,0.1888,19.44,0,5.62,0.8987,0.4736,1
0.3324,0.0729,0.0779,25.84,0,6.82,0.975,0.4744,1
0.0781,0.0469,0.497,13.32,2,32.39,0.6697,0.575,3
0.1422,0.0681,0.5479,4.0,3,41.33,0.7769,0.5033,3
0.1859,0.1006,0.5633,10.4,7,20.98,0.7251,0.4316,3
0.3007,0.0772,0.3081,38.38,0,21.57,0.8123,0.5834,2
0.4005,0.0482,0.1804,31.76,1,13.53,0.9357,0.7673,1
0.349,0.0411,0.0981,16.9,0,6.37,1.0279,0.7198,0
0.2468,0.0461,0.1484,18.86,0,6.23,0.9341,0.7036,1
0.0655,0.0565,0.6973,13.36,5,46.43,0.8368,0.3558,3
0.2181,0.0755,0.2491,30.97,2,24.77,0.7871,0.5588,2
0.378,0.057,0.1281,28.21,1,16.79,0.8926,0.7467,1
0.3726,0.0422,0.071,19.45,0,2.71,0.936,0.6292,0
0.3032,0.0485,0.1325,27.34,1,8.37,0.969,0.7395,1
0.1971,0.0918,0.6307,17.99,2,34.25,0.7147,0.6195,3
0.2693,0.0648,0.0737,26.22,0,11.3,0.9644,0.5295,1
0.3268,0.0601,0.0323,14.77,0,9.1,1.011,0.6302,0
0.3368,0.0337,0.0353,16.37,0,6.76,0.9993,0.7139,0
0.2798,0.0531,0.1478,22.39,0,13.51,0.9044,0.6326,1
0.3422,0.0623,0.1579,30.32,0,6.12,0.9137,0.5792,1
0.2095,0.0778,0.138,31.82,2,10.41,0.9423,0.5667,1
0.366,0.0487,0.1829,38.67,1,11.53,0.8888,0.6133,1
0.3362,0.0458,0.063,13.0,0,6.98,0.9789,0.6086,0
0.2588,0.0855,0.2775,40.62,3,23.34,0.8073,0.3767,2
0.1554,0.0753,0.5701,17.26,3,32.81,0.7411,0.2785,3
0.3387,0.043,0.1737,28.19,2,9.16,0.9778,0.6552,1
0.3041,0.0591,0.2305,20.35,1,8.84,0.777,0.6339,1
0.303,0.0833,0.2076,35.01,0,9.04,0.8407,0.6105,1
0.2621,0.0975,0.2174,39.52,3,16.89,0.7775,0.4725,2
0.075,0.1003,0.605,8.08,5,25.13,0.846,0.2462,3
0.343,0.0335,0.064,15.49,0,8.92,0.8875,0.5856,0
0.2912,0.059,0.3756,37.37,3,10.71,0.849,0.2364,2
0.1474,0.0782,0.5841,13.57,7,31.69,0.6909,0.4585,3
0.3193,0.039,0.0316,11.19,0,9.39,0.9971,0.647,0
0.1624,0.0776,0.7033,13.98,6,33.27,0.7628,0.3305,3
0.1786,0.0669,0.6679,8.18,6,42.2,0.5411,0.4816,3
0.3473,0.039,0.0241,14.97,0,1.5,1.0038,0.8709,0
0.175,0.0853,0.2637,40.48,5,20.52,0.8846,0.4472,2
0.241,0.0894,0.4079,25.92,5,16.87,0.7931,0.5965,2
0.2202,0.0604,0.081,27.53,2,4.79,0.8947,0.5715,1
0.1417,0.1059,0.7795,8.18,8,23.64,0.7783,0.508,3
0.3494,0.0357,0.0607,10.59,0,2.24,1.0511,0.708,0
0.2402,0.0562,0.2546,38.3,1,24.79,0.8899,0.5372,2
0.1495,0.1107,0.7603,17.74,2,21.01,0.7849,0.3554,3
0.3744,0.042,0.0612,18.69,0,4.63,0.956,0.6746,0
0.3589,0.047,0.0331,23.77,0,3.25,0.8368,0.7294,0
0.2977,0.0947,0.3316,45.34,2,25.12,0.834,0.4733,2
0.2876,0.0629,0.3179,35.47,2,19.65,0.936,0.4452,2
0.3956,0.0623,0.1232,28.3,0,9.58,0.9191,0.7029,1
0.3597,0.0409,0.0375,15.7,0,9.37,0.9774,0.731,0
0.1437,0.0495,0.7187,14.74,2,45.42,0.8126,0.6313,3
0.2255,0.048,0.1322,30.82,1,15.92,0.9508,0.6691,1
0.264,0.0474,0.1299,25.88,1,9.18,0.8356,0.5926,1
0.2367,0.0692,0.3843,30.72,5,22.35,0.9013,0.5258,2
0.2648,0.0739,0.3493,41.46,3,16.08,0.8766,0.6208,2
0.2265,0.0656,0.2209,34.63,2,18.86,0.8282,0.4747,2
0.3417,0.0413,0.0739,17.78,0,6.89,0.998,0.7076,0
0.2978,0.0455,0.1088,27.41,0,8.68,0.8314,0.695,1
0.302,0.0598,0.1501,21.12,0,8.59,0.8356,0.5796,1
0.3871,0.0318,0.0369,15.11,0,6.01,1.0782,0.6116,0
0.2852,0.0506,0.1858,15.17,0,6.11,1.0193,0.5449,1
0.3529,0.0348,0.0511,15.61,0,4.58,1.0291,0.6988,0
0.3076,0.0475,0.0585,21.56,1,5.52,0.9997,0.7064,0
0.2765,0.0424,0.1625,26.83,0,11.55,0.9371,0.5445,1
0.3134,0.0405,0.0815,11.22,0,3.12,0.9196,0.7796,0
0.313,0.0475,0.0856,23.08,2,13.91,0.8314,0.7149,1
0.109,0.0761,0.5428,13.55,7,28.03,0.8141,0.4805,3
0.2501,0.0455,0.1764,27.26,2,10.92,0.8093,0.4717,1
0.2109,0.1068,0.7108,14.83,2,41.19,0.8262,0.4498,3
0.3457,0.0475,0.08,12.62,0,4.52,1.0205,0.8874,0
0.3744,0.0617,0.1399,25.73,1,3.25,0.8633,0.7389,1
0.3139,0.0395,0.1579,22.13,0,13.74,0.8744,0.7176,1
0.3271,0.0556,0.0676,25.33,2,6.85,0.8462,0.4961,1
0.1481,0.071,0.6794,7.94,3,29.3,0.8804,0.3869,3
0.2922,0.1094,0.3188,36.17,3,18.99,0.8632,0.6333,2
0.2565,0.0935,0.3077,38.6,3,17.94,0.7626,0.5899,2
0.34,0.0327,0.0255,16.72,1,2.97,0.9352,0.9495,0
0.2537,0.0967,0.3331,28.94,5,29.1,0.9096,0.5761,2
0.1797,0.0811,0.2852,29.39,3,23.62,0.9498,0.7252,2
0.3437,0.0606,0.0816,16.91,1,13.87,0.8562,0.5417,1
0.1377,0.0999,0.725,4.0,3,42.84,0.672,0.1,3
0.3764,0.0403,0.0753,17.3,1,2.55,1.0104,0.8048,0
0.3588,0.0657,0.0828,17.02,0,5.48,1.0454,0.7093,0
0.2651,0.0537,0.1508,24.97,2,6.79,0.9501,0.9094,1
0.3273,0.0663,0.0856,23.23,1,7.06,0.9888,0.4942,1
0.2885,0.1338,0.3251,41.02,3,21.34,0.8145,0.3835,2
0.3284,0.0359,0.2323,15.58,1,12.47,1.0029,0.6241,1
0.3567,0.0941,0.1552,24.14,0,10.35,0.9054,0.5637,1
0.1205,0.0952,0.7263,12.32,4,23.58,0.6702,0.479,3
0.2907,0.0556,0.1888,26.65,1,12.59,0.8883,0.457,1
0.1468,0.077,0.7735,6.12,5,23.78,0.6627,0.5711,3
0.3594,0.0302,0.0403,17.89,0,6.13,0.8923,0.6652,0
0.333,0.0387,0.0349,19.84,0,5.44,0.8912,0.4689,0
0.2297,0.0746,0.2596,40.48,4,10.95,0.8153,0.4831,2
0.1864,0.0774,0.3452,41.03,2,25.32,0.9303,0.5533,2
0.1236,0.1008,0.8542,12.19,5,33.83,0.7752,0.1881,3
0.2678,0.064,0.1305,33.08,2,14.89,0.8981,0.5557,1
0.345,0.0465,0.1683,22.47,0,8.03,0.8476,0.498,1
0.1782,0.076,0.6526,11.84,5,17.69,0.5978,0.488,3
0.3366,0.0364,0.0521,17.76,1,6.96,0.9748,0.849,0
0.2674,0.0973,0.3513,39.02,3,17.82,0.9505,0.4537,2
0.2679,0.0663,0.1583,28.28,1,8.24,0.7941,0.5918,1
0.1414,0.0846,0.7365,13.29,6,33.96,0.7006,0.4101,3
0.1328,0.0337,0.7468,14.92,3,37.85,0.6415,0.2795,3
0.3648,0.076,0.0862,25.01,2,6.67,0.9001,0.6577,1
0.3688,0.0472,0.0536,17.21,0,7.69,0.9403,0.7105,0
0.3332,0.0348,0.0698,15.82,0,6.25,0.9265,0.788,0
0.3189,0.058,0.0912,15.92,0,2.95,1.0335,0.7674,0
0.1653,0.0898,0.6456,11.29,5,32.01,0.6675,0.4146,3
0.062,0.0882,0.5794,7.95,2,39.06,0.7601,0.4359,3
0.1311,0.1074,0.5345,6.63,4,32.44,0.8057,0.5357,3
0.1034,0.0826,0.6912,13.87,7,34.03,0.6868,0.4601,3
0.2899,0.0344,0.1575,27.62,0,6.62,0.9412,0.4499,1
0.1402,0.0462,0.7764,22.87,7,23.53,0.7484,0.4223,3
0.3204,0.0827,0.3422,35.64,2,22.8,0.8897,0.5019,2
0.3673,0.0355,0.0476,19.37,1,8.83,0.9793,0.6065,0
0.3642,0.0398,0.095,19.95,1,3.34,0.9111,0.7954,0
0.2153,0.0914,0.3706,37.39,3,9.56,0.7512,0.3489,2
0.2623,0.103,0.3469,38.0,3,19.26,0.9332,0.5624,2
0.3196,0.045,0.037,20.54,0,6.02,0.8846,0.6683,0
0.0913,0.1228,0.736,16.17,6,28.59,0.813,0.309,3
0.234,0.1028,0.2803,37.04,2,13.52,0.8272,0.4351,2
0.1431,0.106,0.6877,6.11,4,26.06,0.7169,0.8931,3
0.29,0.073,0.1369,26.39,1,9.74,0.9526,0.5204,1
0.0773,0.0699,0.7303,11.7,5,32.58,0.808,0.3639,3
0.3032,0.0805,0.1191,29.78,3,20.43,0.8975,0.51,1
0.1557,0.1403,0.6714,10.05,2,41.05,0.7181,0.2529,3
0.2639,0.0935,0.2069,39.92,1,14.89,0.8974,0.6105,2
0.0758,0.0713,0.4857,10.93,7,44.26,0.6344,0.3492,3
0.1363,0.0964,0.6842,8.3,10,20.68,0.7671,0.4367,3
0.3528,0.0675,0.2241,18.4,0,2.95,0.9402,0.5965,1
0.2047,0.0856,0.8985,12.88,1,32.07,0.7271,0.4607,3
0.3129,0.0461,0.0691,18.28,0,4.6,0.9042,0.6818,0
0.2756,0.0456,0.0568,26.65,2,4.38,0.9323,0.5089,1
0.1624,0.0675,0.6453,9.29,8,33.85,0.6023,0.4387,3
0.3827,0.0382,0.0474,19.26,0,6.34,0.9027,0.7975,0
0.3155,0.0237,0.0508,21.65,0,5.38,0.9815,0.6472,0
0.1687,0.0957,0.5959,13.96,8,28.19,0.7287,0.7726,3
0.3086,0.0471,0.0821,17.4,0,7.22,1.0445,0.7796,0
0.1176,0.0859,0.7968,14.53,10,38.21,0.8332,0.1616,3
0.2133,0.0868,0.376,37.67,8,18.88,0.7689,0.7535,2
0.3704,0.0322,0.0942,21.51,1,8.59,0.927,0.6478,0
0.2912,0.0362,0.0207,14.4,0,2.46,1.0058,0.8021,0
0.3774,0.0482,0.176,15.25,0,6.57,0.7971,0.6854,1
0.25,0.0463,0.3193,34.8,1,21.9,0.9529,0.319,2
0.2053,0.1084,0.3804,48.22,1,28.18,0.8903,0.2636,2
0.3327,0.0257,0.0589,19.4,0,3.88,1.0149,0.8294,0
0.165,0.074,0.5666,12.24,6,30.7,0.7696,0.3195,3
0.1885,0.0765,0.6308,17.2,5,26.75,0.8807,0.4572,3
0.3847,0.0601,0.126,26.68,1,18.61,0.8722,0.5328,1
0.1397,0.1106,0.6648,25.96,4,18.57,0.7602,0.1908,3
0.277,0.0525,0.1614,24.81,1,4.03,0.9518,0.7261,1
0.1507,0.1253,0.5684,15.82,3,34.03,0.7011,0.4031,3
0.2373,0.0641,0.3422,32.91,4,15.01,0.7368,0.465,2
0.2699,0.0598,0.3252,28.91,2,18.67,0.883,0.4037,2
0.211,0.0835,0.3833,39.09,3,19.75,0.983,0.8492,2
0.1086,0.0894,0.779,11.93,4,32.59,0.7571,0.4357,3
0.2053,0.0895,0.7831,6.44,3,31.96,0.7117,0.468,3
0.2342,0.0577,0.2901,36.65,1,10.53,0.8427,0.4242,2
0.1635,0.1243,0.7584,10.27,4,40.88,0.7569,0.2836,3
0.266,0.0437,0.1338,25.02,0,15.59,0.872,0.3986,1
0.0955,0.0618,0.6783,19.23,3,28.35,0.6934,0.5812,3
0.3208,0.0343,0.0,19.95,0,2.31,0.9737,0.7849,0
0.3305,0.053,0.1355,19.74,2,10.61,0.8808,0.6507,1
0.1844,0.0785,0.3388,42.58,2,15.71,0.8089,0.5127,2
0.2905,0.0478,0.2083,24.5,0,8.66,0.7702,0.8321,1
0.1711,0.1339,0.4691,13.18,7,45.47,0.6893,0.2826,3
0.3042,0.055,0.1725,26.76,1,11.11,0.8771,0.4461,1
0.3127,0.0557,0.1232,20.59,1,16.05,0.8611,0.4567,1
0.3296,0.0373,0.0372,16.58,0,6.24,0.9587,0.8537,0
0.1039,0.1073,0.5998,12.61,8,32.83,0.8449,0.3339,3
0.1366,0.1031,0.6307,10.3,5,33.98,0.744,0.2896,3
0.2965,0.0527,0.1401,29.5,0,8.29,0.8382,0.7429,1
0.2057,0.1032,0.3063,32.34,2,25.29,0.71,0.5381,2
0.2226,0.0437,0.2249,36.88,3,24.95,0.8763,0.5709,2
0.1743,0.0832,0.6908,13.12,4,48.96,0.8077,0.4636,3
0.3259,0.0536,0.0472,13.6,0,3.25,0.9944,0.7634,0
0.2214,0.0777,0.3089,36.56,3,22.26,0.8335,0.5836,2
0.2766,0.0987,0.3153,35.49,1,9.76,0.8122,0.394,2
0.3471,0.0896,0.1108,34.1,2,9.68,0.8993,0.5615,1
0.2246,0.1085,0.7384,14.44,5,40.72,0.8422,0.4393,3
0.2356,0.1124,0.2856,28.15,3,13.09,0.7642,0.6292,2
0.3684,0.0425,0.0552,13.52,0,3.77,1.074,0.8334,0
0.3604,0.0513,0.0069,16.98,0,7.35,0.8818,0.5637,0
0.3514,0.0528,0.0644,17.11,0,3.21,1.0104,0.6863,0
0.0877,0.0756,0.6602,12.32,3,22.65,0.7327,0.6781,3
0.3654,0.0575,0.0367,21.7,0,3.8,0.9426,0.6613,0
0.1013,0.0852,0.6238,4.98,3,23.5,0.7291,0.2906,3
0.2522,0.0988,0.249,31.67,2,22.7,0.8748,0.5046,2
0.1538,0.1251,0.6173,15.04,2,45.0,0.7236,0.4251,3
0.3359,0.0405,0.071,16.27,0,5.9,1.0112,0.86,0
0.1995,0.091,0.3663,35.61,2,16.91,0.8582,0.3663,2
0.1449,0.1069,0.4894,6.71,5,34.0,0.8513,0.481,3
0.1153,0.0586,0.2761,34.22,3,16.56,0.81,0.4672,2
0.3204,0.0275,0.0548,13.28,0,3.37,0.9762,0.6624,0
0.381,0.0505,0.0575,10.51,0,6.6,0.9812,0.8607,0
0.2148,0.0747,0.3225,30.07,1,16.25,0.7483,0.4461,2
0.292,0.0543,0.1762,33.01,1,11.23,0.8916,0.8191,1
0.0653,0.0893,0.6332,11.95,9,46.1,0.8518,0.5944,3
0.2841,0.0392,0.1614,34.61,2,9.8,0.9834,0.5201,1
0.1298,0.0713,0.4909,15.62,5,50.11,0.7504,0.5789,3
0.1606,0.0264,0.6847,12.05,5,22.68,0.5522,0.294,3
0.2784,0.0418,0.0855,29.28,2,12.5,0.9521,0.5989,1
0.357,0.0449,0.0203,12.92,0,3.55,0.9279,0.6141,0
0.1633,0.0802,0.6182,13.81,5,32.91,0.7047,0.3446,3
0.2528,0.0656,0.0608,16.23,0,9.08,1.0164,0.8197,0
0.1629,0.1574,0.6153,14.19,3,24.82,0.7249,0.4011,3
0.1522,0.067,0.3039,37.02,3,18.57,0.8292,0.7014,2
0.3385,0.1065,0.2804,27.49,1,19.08,0.8292,0.8561,2
0.3575,0.0585,0.0302,17.74,0,4.31,1.0036,0.6481,0
0.3045,0.0484,0.0473,17.97,0,6.86,0.9649,0.6646,0
0.2935,0.0533,0.137,27.79,0,2.74,0.8167,0.6993,1
0.0736,0.0701,0.5595,18.69,4,26.76,0.8051,0.2907,3
0.1077,0.0666,0.5194,13.3,4,37.08,0.9019,0.2783,3
0.2435,0.0601,0.1914,27.86,0,13.62,0.8872,0.6835,1
0.1512,0.0855,0.4832,15.97,4,38.68,0.7334,0.3822,3
0.3158,0.0443,0.1748,21.95,0,9.09,0.9534,0.4422,1
0.4006,0.0378,0.0195,14.08,0,2.59,0.9583,0.6186,0
0.0678,0.0832,0.693,16.94,3,31.61,0.7138,0.3141,3
0.3413,0.0959,0.2577,32.89,4,23.99,0.9224,0.447,2
0.3129,0.013,0.0281,15.44,0,4.77,1.0027,0.6475,0
0.2417,0.0725,0.8586,9.7,1,29.28,0.7743,0.5801,3
0.1728,0.041,0.7612,20.63,5,32.07,0.8242,0.4454,3
0.3502,0.0403,0.0737,19.52,0,2.73,0.8687,0.6922,0
0.3128,0.0626,0.1455,30.42,4,9.85,0.7782,0.6715,1
0.143,0.0762,0.7336,7.06,3,31.99,0.7668,0.2833,3
0.2656,0.0393,0.1856,35.16,1,9.61,0.8944,0.8613,1
0.243,0.0561,0.3933,48.91,2,22.33,0.8237,0.395,2
0.3564,0.0471,0.033,17.94,0,3.63,0.9859,0.6645,0
0.2164,0.0793,0.3779,43.15,1,24.39,0.7687,0.6923,2
0.3642,0.0376,0.0304,14.61,0,5.89,0.9609,0.7222,0
0.1925,0.0862,0.3697,29.39,4,14.79,0.9486,0.502,2
0.2376,0.0912,0.3209,28.33,1,16.36,0.8617,0.6495,2
0.2615,0.062,0.0511,27.49,2,12.52,0.9612,0.55,1
0.3555,0.025,0.0525,17.36,0,8.58,1.0282,0.5365,0
0.3375,0.077,0.2062,35.32,2,7.51,0.7655,0.6101,1
0.2024,0.1048,0.6657,8.0,4,28.16,0.6864,0.3703,3
0.3506,0.0691,0.14,33.98,1,10.2,0.9927,0.6424,1
0.3546,0.0275,0.061,13.97,0,7.33,1.0167,0.7276,0
0.1481,0.0918,0.6934,10.66,4,35.66,0.6972,0.4055,3
0.2634,0.0662,0.1432,31.36,5,8.22,0.9028,0.5511,1
0.3384,0.0462,0.0438,13.92,0,3.37,0.9317,0.6638,0
0.3755,0.0272,0.0668,18.01,0,5.93,0.9689,0.5528,0
0.1668,0.0713,0.8176,6.19,3,38.56,0.8237,0.5097,3
0.3022,0.0437,0.0291,18.09,0,1.77,0.9999,0.6757,0
0.3921,0.0588,0.0628,18.76,0,6.08,0.91,0.6309,0
0.1797,0.0709,0.2535,32.09,5,21.71,0.9203,0.5175,2
0.3825,0.033,0.0524,17.9,0,7.13,1.0305,0.7177,0
0.2287,0.0742,0.2204,37.96,4,23.51,0.8756,0.6779,2
0.2512,0.064,0.134,25.06,1,7.08,0.707,0.5158,1
0.3358,0.0419,0.0507,18.93,0,5.92,1.0401,0.7579,0
0.2356,0.0742,0.3381,49.55,3,17.17,0.8658,0.579,2
0.1745,0.0629,0.7024,11.98,8,26.06,0.8263,0.3957,3
0.1428,0.088,0.4739,12.62,4,26.59,0.7379,0.3707,3
0.1091,0.0697,0.7308,11.8,1,33.48,0.7313,0.3306,3
0.1165,0.0657,0.6019,14.39,9,27.98,0.7587,0.4594,3
0.241,0.0487,0.3335,45.0,1,20.26,0.8186,0.6016,2
0.1202,0.0947,0.6452,13.69,2,27.31,0.5572,0.4663,3
0.246,0.0967,0.2499,34.18,7,17.43,0.8982,0.4938,2
0.3272,0.0468,0.0648,15.92,0,4.32,1.029,0.7603,0
0.1375,0.1154,0.7887,8.17,3,27.7,0.6599,0.4102,3
0.2944,0.059,0.2346,22.47,1,7.37,0.892,0.5429,1
0.1937,0.086,0.7948,10.84,5,38.09,0.6551,0.4387,3
0.3525,0.0394,0.0929,14.69,1,3.48,0.9107,0.7229,0
0.3648,0.0775,0.1796,24.87,1,3.84,0.8862,0.6552,1
0.3459,0.0591,0.0685,14.35,0,3.77,0.9849,0.8947,0
0.3518,0.0428,0.0674,18.65,0,5.0,0.9467,0.901,0
0.3674,0.0554,0.1599,34.97,2,12.98,0.9795,0.6527,1
0.1659,0.0873,0.9131,12.66,10,19.08,0.6339,0.3837,3
0.3379,0.048,0.1174,21.43,2,9.22,0.8796,0.6055,1
0.1519,0.0981,0.6313,11.56,10,34.55,0.7214,0.2164,3
0.1231,0.0505,0.6144,17.07,2,32.5,0.6863,0.4756,3
0.2561,0.063,0.7959,4.0,5,26.95,0.6883,0.3493,3
0.2029,0.084,0.3275,26.18,6,10.48,0.8038,0.4825,2
0.1663,0.0858,0.287,40.33,2,15.79,0.9109,0.5902,2
0.2087,0.0904,0.4985,8.53,1,24.7,0.7382,0.2561,3
0.237,0.0795,0.3891,33.56,5,24.0,0.8088,0.4283,2
0.1095,0.0597,0.6813,9.29,5,17.44,0.7007,0.3751,3
0.349,0.0487,0.0735,14.83,0,1.97,0.9521,0.7064,0
0.1108,0.0738,0.8561,11.12,10,36.4,0.6907,0.2364,3
0.2014,0.0808,0.273,27.51,3,13.4,0.8572,0.6679,2
0.1531,0.0429,0.778,17.27,5,20.88,0.8541,0.4658,3
0.2486,0.072,0.3864,40.21,4,22.17,0.9433,0.4168,2
0.2254,0.1141,0.753,12.72,6,23.8,0.681,0.4921,3
0.1742,0.1032,0.6596,5.88,4,44.76,0.8699,0.5182,3
0.1692,0.0766,0.7327,8.34,4,26.53,0.7211,0.4107,3
0.2276,0.0859,0.2485,39.24,0,19.74,0.9268,0.6521,2
0.3065,0.0602,0.1534,32.78,0,7.48,0.833,0.7285,1
0.1556,0.1172,0.6368,7.23,2,35.01,0.8427,0.274,3
0.2331,0.0575,0.2413,30.6,1,11.26,0.7462,0.4219,2
0.1235,0.1097,0.7735,15.47,4,22.63,0.7522,0.5033,3
0.1216,0.0692,0.7652,9.4,5,41.82,0.7506,0.4845,3
0.3407,0.0489,0.0439,13.84,0,7.0,0.9822,0.6595,0
0.2884,0.0549,0.0739,20.52,1,3.63,0.8312,0.6522,1
0.2859,0.0745,0.3355,28.46,2,22.86,0.7558,0.4065,2
0.2735,0.0669,0.3786,32.21,2,19.49,0.8451,0.5042,2
0.1915,0.0627,0.0837,25.5,1,9.84,0.8828,0.6893,1
0.2507,0.0847,0.308,28.54,1,20.83,0.7206,0.4909,2
0.1841,0.0492,0.3215,31.82,2,19.77,0.8516,0.4222,2
0.2444,0.0781,0.1069,35.41,1,8.96,0.9148,0.529,1
0.2596,0.0665,0.1885,28.92,1,14.2,0.8802,0.7259,1
0.31,0.0601,0.1494,30.75,0,17.87,0.8348,0.6697,1
0.2012,0.1034,0.4027,47.32,6,13.98,0.9415,0.554,2
0.2465,0.0517,0.3401,46.62,0,14.51,0.8779,0.332,2
0.2211,0.0712,0.3014,26.47,2,19.07,0.8225,0.5327,2
0.2318,0.065,0.3056,31.84,2,20.55,0.8174,0.5601,2
0.1147,0.0584,0.6121,16.73,2,31.31,0.6715,0.39,3
0.2726,0.0473,0.3427,46.65,3,11.87,0.7514,0.6762,2
0.2649,0.0731,0.2701,21.34,2,11.71,0.9457,0.5201,2
0.1724,0.0382,0.2632,39.57,1,6.28,0.8049,0.6273,2
0.1481,0.0664,0.3588,13.28,5,32.12,0.8103,0.4321,3
0.1281,0.0579,0.6882,16.88,2,31.41,0.8434,0.2424,3
0.2608,0.0727,0.3187,31.75,3,19.35,0.8833,0.7662,2
0.2156,0.1247,0.66,10.94,5,24.88,0.7669,0.2659,3
0.1722,0.068,0.7297,14.8,3,32.06,0.5543,0.3915,3
0.1529,0.0934,0.5524,14.72,6,43.87,0.7556,0.3706,3
0.2012,0.0437,0.6407,8.57,2,32.29,0.807,0.5164,3
0.3773,0.0838,0.1757,24.44,3,5.34,0.8433,0.6249,1
0.2902,0.0616,0.1344,27.52,0,7.95,0.9422,0.5116,1
0.2673,0.0845,0.3522,33.64,3,22.91,0.8723,0.436,2
0.0878,0.1251,0.5933,12.47,2,36.81,0.7726,0.3408,3
0.2696,0.082,0.0671,31.33,2,5.16,0.7938,0.7698,1
0.2925,0.0755,0.1459,29.46,0,12.93,0.8084,0.3077,1
0.2362,0.0511,0.0538,26.28,1,4.73,0.8535,0.8179,1
0.1517,0.1205,0.3497,34.11,3,23.24,0.8868,0.5362,2
0.3216,0.0827,0.3652,39.87,7,26.5,0.7906,0.6256,2
0.1547,0.1438,0.6157,4.59,6,23.21,0.8476,0.3636,3
0.3133,0.101,0.3194,31.07,5,11.48,0.7919,0.6082,2
0.3164,0.047,0.2382,26.97,0,6.09,0.8545,0.8178,1
0.2043,0.072,0.3705,46.89,1,21.71,0.8002,0.5512,2
0.3031,0.0612,0.1046,25.94,1,10.14,0.8946,0.5985,1
0.255,0.0835,0.2428,47.78,2,12.56,0.8906,0.2539,2
0.1488,0.0875,0.5154,17.99,6,35.64,0.8366,0.7224,3
0.2476,0.0424,0.252,26.17,0,9.07,0.9403,0.4732,1
0.0677,0.0816,0.7504,14.76,4,16.18,0.8128,0.3115,3
0.2849,0.1019,0.2105,25.84,4,25.48,0.8325,0.6146,2
0.3273,0.04,0.0545,18.86,0,2.07,0.9068,0.6316,0
0.1198,0.0912,0.623,15.3,6,25.7,0.746,0.425,3
0.3061,0.0349,0.0484,12.97,0,4.28,0.9727,0.7464,0
0.2145,0.0814,0.3505,38.73,2,8.22,0.8544,0.5355,2
0.3328,0.0443,0.1616,30.35,0,10.68,0.8995,0.525,1
0.3108,0.1059,0.3111,28.96,6,20.85,0.8012,0.3284,2
0.296,0.0411,0.1548,32.23,1,8.6,0.9844,0.6778,1
0.2728,0.058,0.1068,26.23,0,14.69,0.9132,0.4754,1
0.1225,0.1213,0.7292,5.71,7,34.89,0.8353,0.4048,3
0.1687,0.0623,0.5317,8.36,2,16.1,0.7134,0.424,3
0.3111,0.075,0.3656,28.36,2,13.01,0.7912,0.4285,2
0.3439,0.057,0.1237,27.17,2,3.26,0.8085,0.76,1
0.1881,0.0764,0.4597,17.86,7,18.2,0.5738,0.3353,3
0.252,0.0625,0.4081,38.57,3,17.27,0.8012,0.5418,2
0.3655,0.0272,0.036,18.02,0,5.56,1.0018,0.819,0
0.3104,0.0507,0.0903,14.69,0,4.12,1.0118,0.7479,0
0.306,0.0587,0.1162,26.58,0,13.53,0.9628,0.6402,1
0.3117,0.0471,0.1739,34.33,0,9.25,1.0216,0.5914,1
0.3906,0.0415,0.0306,20.8,0,7.16,1.0383,0.852,0
0.273,0.0793,0.1897,25.05,0,8.57,0.8157,0.6226,1
0.0928,0.112,0.6546,9.87,1,43.25,0.8114,0.3635,3
0.1993,0.0669,0.3868,34.47,2,18.89,0.7048,0.5659,2
0.2095,0.097,0.2866,29.07,3,24.71,0.7104,0.2037,2
0.1115,0.0446,0.3763,13.28,2,34.66,0.6711,0.5662,3
0.3225,0.0562,0.1552,35.08,1,10.91,0.8907,0.5625,1
0.0997,0.0814,0.5493,4.0,3,32.23,0.9192,0.4197,3
0.3371,0.0581,0.1506,23.4,2,15.87,0.8805,0.7529,1
0.1682,0.1355,0.3953,19.62,6,35.26,0.8827,0.4001,3
0.3141,0.063,0.1678,29.21,1,3.46,1.0463,0.4206,1
0.0826,0.0604,0.7077,14.12,4,31.73,0.8313,0.3456,3
0.3505,0.0619,0.132,20.5,1,10.74,0.9541,0.6955,1
0.2562,0.0662,0.1168,19.77,1,8.92,1.0364,0.7933,1
0.3502,0.0356,0.0683,16.06,0,1.46,0.9633,0.5803,0
0.3142,0.0629,0.1677,23.18,2,10.01,0.8676,0.5195,1
0.2126,0.0888,0.7758,8.83,2,47.53,0.7168,0.3427,3
0.1426,0.1366,0.6746,12.22,8,30.59,0.645,0.4866,3
0.318,0.0264,0.0216,11.29,0,5.95,1.0083,0.8383,0
0.2771,0.069,0.1761,23.15,2,10.55,0.8638,0.6442,1
0.2292,0.0391,0.285,29.21,3,20.67,0.9262,0.6244,2
0.2758,0.0315,0.2764,38.88,3,8.97,0.8769,0.5092,2
0.2277,0.0476,0.0067,14.92,2,10.1,0.9634,0.5245,1
0.3059,0.0715,0.136,24.58,0,4.06,0.902,0.6196,1
0.3607,0.0348,0.0525,17.05,1,3.1,0.9385,0.5692,0
0.3224,0.0299,0.0451,15.0,0,2.26,1.0695,0.8759,0
0.2766,0.0848,0.3377,34.22,2,16.66,0.805,0.3529,2
0.3722,0.0484,0.0837,15.92,0,6.35,1.0655,0.7519,0
0.2296,0.0911,0.3591,38.31,1,18.42,0.74,0.4588,2
0.3281,0.042,0.0389,15.33,1,3.85,0.9963,0.8046,0
0.1579,0.0751,0.5635,12.24,2,27.42,0.7938,0.4109,3
0.115,0.0613,0.5896,11.45,4,31.12,0.9089,0.2983,3
0.4157,0.0398,0.0379,10.95,1,9.26,0.9552,0.6696,0
0.3584,0.0393,0.0279,16.96,0,1.72,0.9557,0.5545,0
0.3854,0.0355,0.0806,15.5,0,6.3,0.9609,0.7343,0
0.1566,0.0727,0.5378,5.39,3,24.55,0.6322,0.5829,3
0.3648,0.0451,0.0364,16.02,0,1.86,0.916,0.6869,0
0.3674,0.0783,0.1431,27.99,3,13.75,0.9581,0.763,1
0.196,0.0614,0.8117,14.06,5,41.57,0.6575,0.2669,3
0.2209,0.0716,0.3377,32.52,4,20.02,0.7872,0.664,2
0.2562,0.1171,0.3459,44.56,2,26.34,0.7677,0.4325,2
0.2377,0.0495,0.3794,41.82,5,17.65,0.84,0.5641,2
0.2958,0.0555,0.1324,26.42,0,8.4,0.8554,0.7224,1
0.2012,0.1102,0.3757,28.79,2,10.59,0.8938,0.4629,2
0.2456,0.1026,0.3402,33.33,2,16.07,0.8221,0.62,2
0.2533,0.0834,0.1384,22.86,1,6.95,0.8617,0.5352,1
0.1169,0.0505,0.743,14.18,5,25.39,0.7342,0.539,3
0.3744,0.052,0.0428,18.21,0,0.0,0.8992,0.6704,0
0.188,0.0605,0.4538,18.37,5,40.13,0.6579,0.3896,3
0.2983,0.0342,0.0847,15.75,0,9.04,1.0018,0.5984,0
0.2645,0.143,0.4186,39.76,0,17.13,0.8857,0.436,2
0.2634,0.0962,0.4255,17.89,2,19.77,0.7224,0.5891,2
0.3523,0.0375,0.0387,19.57,0,2.28,0.9863,0.7953,0
0.3258,0.0519,0.0865,13.58,0,4.81,0.958,0.7105,0
0.3478,0.0363,0.0455,16.6,0,5.54,0.9716,0.5739,0
0.2851,0.0619,0.1591,22.68,0,16.67,0.869,0.5736,1
0.3268,0.0411,0.0365,17.0,1,1.44,1.0037,0.9421,0
0.2984,0.06,0.1342,24.81,0,3.46,0.8448,0.4264,1
0.2582,0.0867,0.372,43.21,1,12.65,0.8173,0.5519,2
0.3558,0.0499,0.1806,27.7,2,15.68,0.898,0.5615,1
0.3404,0.03,0.044,16.33,0,4.42,0.9838,0.5536,0
0.1177,0.1013,0.6232,7.63,3,40.61,0.6747,0.3389,3
0.2986,0.0574,0.1555,31.93,1,8.06,0.8266,0.481,1
0.1222,0.0895,0.8665,12.79,7,36.93,0.7516,0.3321,3
0.3292,0.0505,0.048,13.74,0,9.55,0.9539,0.7221,0
0.1908,0.1113,0.6839,17.45,1,30.86,0.8404,0.3925,3
0.2275,0.0845,0.3574,28.08,2,24.88,0.8656,0.5959,2
0.1771,0.1121,0.2784,30.76,1,21.07,0.8099,0.3321,2
0.2101,0.101,0.7325,17.19,3,24.94,0.709,0.4157,3
0.2656,0.0774,0.3658,36.41,2,29.41,0.7766,0.3991,2
0.3262,0.0512,0.0148,20.12,0,3.72,1.0102,0.6947,0
0.1798,0.1048,0.7919,15.8,7,29.88,0.6015,0.3561,3
0.3189,0.0476,0.1392,27.5,0,16.8,0.8334,0.7405,1
0.2074,0.0597,0.6101,8.32,4,34.58,0.6019,0.3606,3
0.3539,0.0581,0.0747,17.65,0,5.4,0.9502,0.7421,0
0.3212,0.0655,0.1337,21.22,0,15.36,0.8093,0.5926,1
0.3668,0.0505,0.0414,17.47,0,3.28,0.9735,0.6043,0
0.3736,0.0345,0.0958,15.65,0,3.28,0.9532,0.6836,0
0.1227,0.0936,0.6366,9.78,2,35.47,0.6169,0.5465,3
0.2961,0.0916,0.1251,24.67,0,3.32,0.9274,0.638,1
0.332,0.0361,0.0607,15.0,0,5.73,0.924,0.8382,0
0.3054,0.051,0.1758,28.76,1,13.32,0.987,0.613,1
0.1917,0.0716,0.4845,9.37,5,53.5,0.7504,0.4269,3
0.1602,0.103,0.7676,10.45,3,43.89,0.6527,0.5759,3
0.1803,0.0585,0.5054,15.85,7,27.76,0.7093,0.4284,3
0.2987,0.0507,0.282,40.81,0,5.76,0.8947,0.5671,2
0.2656,0.0307,0.1116,20.56,0,11.69,0.8991,0.6983,1
0.2649,0.0607,0.3112,34.98,1,23.7,0.762,0.6309,2
0.2426,0.0831,0.3741,28.63,1,10.23,0.8517,0.2364,2
0.3283,0.0843,0.2581,36.01,4,14.62,0.9688,0.493,2
0.2441,0.1042,0.3783,40.49,4,14.48,0.8572,0.6736,2
0.1275,0.0485,0.7914,10.87,6,38.05,0.7242,0.4779,3
0.1431,0.0738,0.7801,16.58,9,23.74,0.6601,0.3865,3
0.174,0.0701,0.388,39.98,2,32.47,0.7669,0.4798,2
0.3219,0.0461,0.0508,15.28,0,5.08,1.0028,0.6746,0
0.3747,0.0335,0.0403,14.6,0,10.35,0.9761,0.9304,0
0.2897,0.0682,0.0891,26.63,1,10.07,0.8583,0.6557,1
0.3466,0.0526,0.148,12.18,1,11.67,0.8827,0.557,1
0.2986,0.0913,0.2316,32.48,4,25.51,0.8071,0.3729,2
0.2878,0.0653,0.419,34.54,4,18.3,0.796,0.7238,2
0.1117,0.1572,0.5495,17.22,6,26.29,0.7207,0.5595,3
0.3107,0.0911,0.309,35.81,4,13.75,0.8713,0.6956,2
0.3791,0.0352,0.0493,7.24,0,9.36,0.9443,0.6679,0
0.2106,0.0685,0.394,42.44,2,24.33,0.8271,0.3524,2
0.2293,0.0622,0.1537,18.32,0,11.6,0.8685,0.6639,1
0.3473,0.073,0.1129,32.33,1,14.92,0.8229,0.6276,1
0.2049,0.1033,0.276,47.13,2,24.77,0.8071,0.5227,2
0.2936,0.0685,0.1674,23.55,0,15.56,0.9121,0.837,1
0.3466,0.0272,0.0459,15.49,0,6.61,1.0186,0.7412,0
0.2926,0.0309,0.0362,10.4,0,4.25,1.005,0.7435,0
0.3506,0.0251,0.0238,13.33,0,5.65,1.0218,0.8293,0
0.3112,0.0619,0.1517,23.2,0,10.84,0.938,0.7893,1
0.4063,0.0364,0.0812,17.27,0,0.09,0.9065,0.6634,0
0.2972,0.0901,0.2987,30.5,1,18.04,0.8402,0.5841,2
0.3747,0.0375,0.0777,13.0,0,9.4,0.9342,0.72,0
0.2472,0.0608,0.1684,30.35,0,8.25,0.9239,0.6418,1
0.394,0.0233,0.0605,19.66,1,8.54,0.9148,0.7486,0
0.2531,0.0422,0.0992,24.07,0,5.02,0.9617,0.7274,1
0.1433,0.0766,0.5765,18.8,6,25.85,0.8053,0.3462,3
0.1476,0.078,0.6199,6.47,6,44.05,0.5609,0.3235,3
0.2228,0.0875,0.2857,33.58,5,25.14,0.7606,0.3845,2
0.1848,0.1102,0.5662,9.86,5,14.36,0.7963,0.2319,3
0.3108,0.0446,0.123,29.4,1,12.98,0.8776,0.6268,1
0.2592,0.0846,0.3,30.09,1,14.51,0.7448,0.5944,2
0.1805,0.064,0.8859,7.23,4,28.36,0.7492,0.2996,3
0.1369,0.1067,0.8792,12.88,5,30.51,0.7686,0.293,3
0.3002,0.0445,0.2317,19.82,2,8.36,0.8327,0.7933,1
0.0755,0.048,0.6549,13.24,1,30.54,0.8063,0.323,3
0.2566,0.0564,0.1823,29.86,0,7.22,0.8837,0.7601,1
0.3205,0.0506,0.1298,23.83,1,3.24,0.8427,0.6001,1
0.3046,0.0444,0.0306,15.22,0,8.6,1.0202,0.5421,0
0.151,0.0797,0.5407,16.75,1,28.02,0.8058,0.3974,3
0.3017,0.0657,0.098,22.96,1,8.66,0.8467,0.6763,1
0.34,0.078,0.1102,23.95,1,12.17,0.8427,0.5689,1
0.2746,0.0793,0.3111,36.87,4,23.66,0.8115,0.5405,2
0.0796,0.0855,0.6378,9.28,0,45.97,0.7237,0.2859,3
0.3341,0.0619,0.2358,25.23,0,9.67,0.8287,0.3944,1
0.3442,0.0432,0.2113,21.17,4,15.4,0.7813,0.539,2
0.3993,0.0355,0.0343,15.94,0,3.4,1.1017,0.6458,0
0.1316,0.0826,0.6904,16.1,6,36.85,0.7691,0.5937,3
0.2823,0.049,0.1706,19.65,0,9.44,0.9143,0.8318,1
0.2557,0.0835,0.123,29.35,0,12.09,0.8858,0.6571,1
0.4137,0.0302,0.0101,14.04,0,0.47,1.0226,0.6222,0
0.3432,0.0454,0.0385,17.75,0,6.7,1.0162,0.4702,0
0.2191,0.0994,0.3423,43.41,3,14.28,0.7594,0.5748,2
0.3141,0.0445,0.0635,16.67,0,4.25,0.9125,0.8267,0
0.2085,0.0614,0.2974,37.34,1,18.96,0.8849,0.5447,2
0.356,0.0327,0.0964,14.16,0,6.73,0.884,0.6062,0
0.2934,0.0659,0.2077,27.24,3,13.81,0.9007,0.6483,1
0.2687,0.0604,0.2892,41.0,3,11.35,0.7768,0.6982,2
0.3545,0.0585,0.056,16.84,0,7.64,1.0839,0.6651,0
0.3546,0.0502,0.1311,26.33,1,7.93,0.786,0.618,1
0.2631,0.0724,0.1458,33.31,4,20.67,0.8319,0.4875,2
0.1284,0.1392,0.5567,6.8,1,27.03,0.7378,0.5244,3
0.3348,0.0438,0.0738,16.28,0,3.1,1.1083,0.6888,0
0.306,0.0786,0.1251,22.59,1,11.06,0.9018,0.7469,1
0.2814,0.1066,0.3721,36.55,4,21.61,0.6908,0.3824,2
0.1599,0.1189,0.7887,16.12,3,34.8,0.8027,0.3724,3
0.3035,0.0231,0.0564,17.45,0,4.89,1.0385,0.8136,0
0.2177,0.058,0.6349,11.48,3,28.79,0.7855,0.2795,3
0.2973,0.0478,0.081,24.82,1,14.38,0.8464,0.6608,1
0.3138,0.0702,0.2969,41.9,7,9.38,0.7843,0.4765,2
0.2098,0.1013,0.2784,35.38,1,16.79,0.8545,0.7801,2
0.3599,0.0315,0.0548,14.9,0,6.34,0.9607,0.6916,0
0.228,0.0832,0.2199,39.86,5,18.26,0.8643,0.5024,2
0.3496,0.0266,0.0806,18.12,0,5.86,0.8715,0.6675,0
0.3248,0.0899,0.2561,34.09,2,17.84,0.7905,0.6435,2
0.3684,0.0332,0.0834,15.41,0,8.57,1.0248,0.7985,0
0.3227,0.0447,0.0737,11.69,0,3.03,0.9525,0.684,0
0.1329,0.0805,0.7829,13.24,5,36.46,0.7388,0.4157,3
0.1872,0.1018,0.2612,45.14,4,15.55,0.8109,0.6039,2
0.1587,0.1414,0.5648,16.73,5,13.61,0.8164,0.2015,3
0.2699,0.0903,0.2621,43.54,4,18.47,0.9982,0.4294,2
0.2451,0.0838,0.4834,28.99,0,20.25,0.8916,0.7308,2
0.2118,0.0895,0.3801,40.69,3,20.61,0.8479,0.4335,2
0.3326,0.0316,0.1744,29.82,0,12.07,0.9367,0.3628,1
0.2465,0.1153,0.362,21.19,5,13.83,0.8127,0.5875,2
0.1623,0.0657,0.3404,36.93,2,19.81,0.9747,0.4631,2
