eye_openness,eye_aspect_ratio,mouth_aspect_ratio,under_eye_darkness_ratio,skin_texture_var,lighting_condition,time_slot,target
0.7038,0.3142,0.2198,0.8802,0.6078,Dim-Light,Daytime,0
0.4538,0.1514,0.4774,0.945,0.5679,Fluorescent,Overnight,1
0.7232,0.362,0.171,0.978,0.5986,Well-Lit,Overnight,0
0.3044,0.2381,0.3068,0.8191,0.6569,Dim-Light,Evening,1
0.7724,0.4431,0.1851,0.9806,0.417,Well-Lit,Daytime,0
0.472,0.2502,0.323,0.6799,0.4446,Dim-Light,Evening,1
0.5856,0.3764,0.3294,0.746,0.6415,Well-Lit,Overnight,0
0.8915,0.3313,0.2256,0.8728,0.9564,Dim-Light,Daytime,0
0.6325,0.3867,0.1764,0.893,0.8309,Well-Lit,Daytime,0
0.8496,0.3206,0.2073,1.1375,0.8611,Well-Lit,Daytime,0
0.5406,0.1553,0.3543,0.8818,0.5989,Dim-Light,Overnight,1
0.9069,0.3654,0.3006,0.8856,0.4235,Well-Lit,Daytime,0
0.3361,0.1188,0.2866,0.8476,0.4746,Dim-Light,Daytime,1
0.6328,0.2271,0.5148,0.977,0.4074,Dim-Light,Overnight,1
0.6602,0.462,0.2029,0.8506,0.6809,Well-Lit,Daytime,0
0.3646,0.2753,0.4271,0.7676,0.5706,Dim-Light,Overnight,1
0.6781,0.3611,0.3108,0.9971,0.8548,Dim-Light,Daytime,0
0.6149,0.2913,0.1799,1.0145,0.7515,Well-Lit,Evening,0
0.6716,0.372,0.2551,0.9376,0.6047,Fluorescent,Daytime,0
0.4851,0.2185,0.2725,0.8154,0.5812,Fluorescent,Overnight,0
0.6466,0.2893,0.2654,1.0047,0.6304,Well-Lit,Daytime,0
0.7807,0.2691,0.2307,0.9502,0.6405,Well-Lit,Daytime,0
0.8891,0.3987,0.2531,0.9227,0.8091,Well-Lit,Daytime,0
0.606,0.2899,0.1836,0.8595,0.6775,Well-Lit,Daytime,0
0.4831,0.1463,0.5618,0.8837,0.5016,Dim-Light,Evening,1
0.2488,0.2219,0.662,0.752,0.8417,Well-Lit,Overnight,1
0.6078,0.2449,0.5394,0.9541,0.7823,Fluorescent,Overnight,1
0.6492,0.3561,0.2782,0.9837,0.9815,Well-Lit,Daytime,0
0.5938,0.2332,0.4875,0.8494,0.6145,Dim-Light,Overnight,1
0.2434,0.2705,0.4666,0.7706,0.2042,Fluorescent,Evening,1
0.2351,0.2567,0.3135,0.7862,0.401,Well-Lit,Overnight,1
0.7365,0.3253,0.2578,0.9894,0.7228,Dim-Light,Daytime,0
0.7769,0.2958,0.2204,1.0583,0.8163,Well-Lit,Evening,0
0.2737,0.1882,0.125,0.7877,0.4537,Well-Lit,Overnight,1
0.7206,0.3177,0.272,0.9913,0.6874,Fluorescent,Overnight,0
0.6426,0.2007,0.2386,0.655,0.4364,Well-Lit,Overnight,1
0.4117,0.239,0.286,0.9268,,Dim-Light,Daytime,1
0.9339,0.3509,0.2705,0.869,0.4806,Well-Lit,Overnight,0
0.5679,0.2254,0.3221,0.7939,0.4107,Fluorescent,Evening,1
0.2772,0.2026,0.4512,0.829,0.3365,Well-Lit,Overnight,1
0.9033,0.3387,0.2434,0.7491,0.7692,Well-Lit,Daytime,0
0.2299,0.2546,0.4729,0.6597,0.4951,Dim-Light,Evening,1
0.8488,0.4051,0.2351,0.9179,0.6559,Well-Lit,Daytime,0
0.4042,0.2601,0.4045,0.8884,0.2617,Dim-Light,Overnight,1
0.8493,0.2638,0.2139,1.0011,0.6022,Dim-Light,Evening,0
0.3931,0.1528,0.4653,0.8909,0.4928,Fluorescent,Overnight,1
0.5135,0.238,0.4355,0.6962,0.5303,Dim-Light,Overnight,1
0.4414,0.2434,0.2151,0.8094,0.5745,Dim-Light,Daytime,1
0.4582,0.164,0.2996,0.7939,0.3584,Dim-Light,Overnight,1
0.4984,0.1817,0.3559,0.8236,0.1,Dim-Light,Overnight,1
0.5241,0.2612,0.3687,0.8376,0.786,Well-Lit,Overnight,1
0.7604,0.419,0.1492,0.8727,0.8008,Dim-Light,Daytime,0
0.5219,0.1612,0.4399,0.7163,0.343,Well-Lit,Overnight,1
0.9603,0.2848,0.2392,0.9772,0.6805,Well-Lit,Overnight,0
0.8704,0.3845,0.2558,0.9106,0.7024,Dim-Light,Evening,0
0.2527,0.2639,0.3223,0.9274,0.7497,Dim-Light,Evening,1
0.8523,0.3413,0.3155,0.8064,0.8219,Well-Lit,Evening,0
0.7812,0.3496,0.2405,0.9551,0.4619,Fluorescent,Daytime,0
0.5384,0.3415,0.2913,0.8398,0.8556,Well-Lit,Daytime,0
0.7257,0.3215,0.2748,1.0339,0.7,Well-Lit,Daytime,0
0.7934,0.3141,0.2697,0.9952,0.535,Well-Lit,Daytime,0
0.6629,0.4403,0.2352,0.9662,0.6764,Dim-Light,Evening,0
0.7798,0.3231,0.169,0.936,0.5318,Well-Lit,Daytime,0
0.3389,0.1916,0.4181,0.8016,0.3883,Dim-Light,Overnight,1
0.7869,0.2612,0.1902,0.9148,0.5771,Dim-Light,Evening,0
0.8044,0.2886,0.4771,0.9192,0.289,Dim-Light,Overnight,1
0.4934,0.2517,0.811,0.8426,0.7062,Dim-Light,Evening,1
0.6996,0.2862,0.4229,0.8333,0.5614,Fluorescent,Daytime,1
0.5793,0.422,0.2557,0.9175,0.633,Well-Lit,Overnight,0
1.0,0.3464,0.2557,1.0458,0.5635,Well-Lit,Daytime,0
0.8611,0.3565,0.1962,1.1004,0.8535,Dim-Light,Daytime,0
0.6299,0.2051,0.3606,1.0109,0.8186,Dim-Light,Overnight,1
0.6322,0.4264,0.1929,1.0337,0.5809,Well-Lit,Evening,0
0.5023,0.2606,0.5278,0.7747,0.4127,Dim-Light,Daytime,1
0.5282,0.1641,0.3229,0.9437,0.4355,Dim-Light,Overnight,1
0.8096,0.2938,0.2689,0.9498,0.452,Fluorescent,Daytime,0
0.8666,0.3369,0.242,0.9169,0.7544,Well-Lit,Daytime,0
0.3042,0.2549,0.3583,0.7471,0.5838,Fluorescent,Evening,1
0.8494,0.085,0.6151,0.883,0.335,Dim-Light,Overnight,1
0.333,0.2673,0.3109,0.7438,0.4922,Well-Lit,Evening,1
0.425,0.2027,0.5859,0.7284,0.8491,Dim-Light,Overnight,1
0.3938,0.2451,0.4262,0.9166,0.4943,Well-Lit,Evening,1
0.715,0.371,0.174,0.997,0.7045,Well-Lit,Daytime,0
0.4343,0.1728,0.4129,0.6784,0.4273,Dim-Light,Overnight,1
0.5479,0.1855,0.3628,0.7804,0.1,Dim-Light,Overnight,1
0.5602,0.1658,0.6657,0.7953,0.3425,Dim-Light,Evening,1
0.9127,0.2657,0.2159,0.9937,0.7418,Well-Lit,Evening,0
0.7722,0.209,0.4145,0.8471,0.5129,Fluorescent,Overnight,0
0.8247,0.3905,0.2524,1.0284,0.3708,Fluorescent,Daytime,0
0.5374,0.2224,0.2951,0.8101,0.4094,Dim-Light,Evening,1
0.5818,0.3035,0.1966,1.0001,0.6535,Well-Lit,Daytime,0
0.3658,0.1526,0.1521,0.8936,0.2906,Dim-Light,Daytime,1
0.289,0.1553,0.6058,0.8966,0.4655,Dim-Light,Evening,1
0.6064,0.2728,0.3962,0.9751,0.7808,Fluorescent,Overnight,1
0.8204,0.3383,0.3237,1.0494,0.6819,Well-Lit,Daytime,0
0.5054,0.2867,0.1081,0.9986,0.7298,Well-Lit,Daytime,0
0.5572,0.3356,0.1987,1.005,0.653,Well-Lit,Evening,0
0.5357,0.3022,0.3636,0.6636,0.4426,Well-Lit,Overnight,1
0.3997,0.2779,0.5344,0.8056,0.2964,Fluorescent,Daytime,1
1.0,0.3882,0.1914,0.9006,0.85,Well-Lit,Evening,0
0.749,0.321,0.27,0.9932,0.6575,Fluorescent,Daytime,0
0.6467,0.1968,0.1647,0.7289,0.5059,Fluorescent,Overnight,1
0.3862,0.2645,0.4193,0.8833,0.741,Dim-Light,Daytime,1
0.8995,0.3669,0.2794,0.9025,0.8338,Fluorescent,Daytime,0
0.4075,0.2922,0.4954,0.7516,0.3451,Dim-Light,Overnight,1
0.4673,0.1675,0.4306,0.852,0.4848,Dim-Light,Overnight,1
0.5726,0.2859,0.1999,0.8936,0.7929,Well-Lit,Daytime,0
0.8671,0.2953,0.2164,1.031,0.6486,Fluorescent,Daytime,0
0.5903,0.1553,0.2847,0.7971,0.4912,Fluorescent,Daytime,1
0.3894,0.2026,0.3938,0.7432,0.5229,Dim-Light,Overnight,1
0.579,0.3886,0.182,0.9627,0.85,Well-Lit,Evening,0
0.542,0.2727,0.6342,0.7161,0.4994,Fluorescent,Overnight,1
0.6973,0.3156,0.5098,0.8873,0.5376,Dim-Light,Overnight,1
0.2883,0.1901,0.5136,0.9306,0.608,Dim-Light,Overnight,1
0.1869,0.2778,0.3865,0.6554,0.3045,Dim-Light,Evening,1
0.4808,0.2466,0.2063,0.8126,0.2779,Dim-Light,Overnight,1
0.8361,0.2615,0.2247,1.0185,0.6873,Well-Lit,Daytime,0
0.6935,0.3766,0.238,1.0279,0.5746,Well-Lit,Evening,0
0.5765,0.2534,0.3291,0.5704,0.9528,Fluorescent,Overnight,1
0.532,0.2937,0.3938,0.7388,0.6467,Dim-Light,Evening,1
0.7862,0.3206,0.3897,1.0827,0.7327,Well-Lit,Daytime,0
0.3687,0.2523,0.3726,1.0364,0.7206,Well-Lit,Overnight,1
0.4738,0.3555,0.1,0.9195,0.6895,Well-Lit,Evening,0
0.6753,0.3924,0.297,0.9644,0.6626,Well-Lit,Daytime,0
0.5963,0.3777,0.3042,1.0346,0.6318,Well-Lit,Daytime,0
0.6551,0.3314,0.3506,0.909,0.5215,Fluorescent,Overnight,0
0.877,0.2906,0.285,0.9676,0.7577,Well-Lit,Daytime,0
0.5733,0.2183,0.2992,1.026,0.2325,Well-Lit,Evening,1
0.5102,0.2499,0.4839,0.7834,0.5829,Dim-Light,Overnight,1
0.5448,0.3095,0.1976,0.9545,0.9214,Well-Lit,Daytime,0
0.4652,0.2792,0.5563,0.8499,0.3749,Dim-Light,Overnight,1
0.843,0.3132,0.2957,0.8542,0.8867,Well-Lit,Daytime,0
0.761,0.319,0.1933,1.0156,0.7304,Fluorescent,Evening,0
0.4894,0.2642,0.463,0.8207,0.4316,Fluorescent,Overnight,1
0.9335,0.3156,0.231,0.7903,0.6175,Well-Lit,Daytime,0
0.7433,0.2916,0.2349,1.009,0.7381,Dim-Light,Evening,0
0.6825,0.3048,0.2239,1.0554,0.835,Fluorescent,Daytime,1
0.7272,0.3015,0.1859,0.8679,0.6937,Fluorescent,Evening,0
0.927,0.1952,0.3188,1.0096,0.6557,Well-Lit,Daytime,0
0.3095,0.1649,0.4396,0.7566,0.4608,Fluorescent,Daytime,1
0.8765,0.4122,0.2855,0.9027,0.8663,Well-Lit,Daytime,0
0.8232,0.353,0.1543,0.9912,0.5667,Fluorescent,Evening,0
0.8239,0.2752,0.1618,0.9448,0.8375,Well-Lit,Overnight,1
0.5547,0.456,0.32,0.9395,0.6743,Well-Lit,Daytime,0
0.397,0.1864,0.2809,0.8108,0.2938,Well-Lit,Evening,1
0.6434,0.2185,0.4054,0.8621,0.5918,Fluorescent,Overnight,1
0.5415,0.1424,0.531,0.6585,0.4141,Well-Lit,Overnight,1
0.6724,0.4239,0.2663,0.9332,0.8989,Well-Lit,Daytime,0
0.3143,0.2228,0.4971,0.7265,0.35,Well-Lit,Evening,1
0.8055,0.3618,0.164,0.9986,0.8762,Well-Lit,Evening,0
0.6473,0.3485,0.3026,0.9473,0.6485,Well-Lit,Daytime,0
0.6037,0.2422,0.2195,0.7376,0.1445,Dim-Light,Overnight,1
0.5622,0.1148,0.3849,0.9119,0.4911,Dim-Light,Overnight,1
0.5244,0.1261,0.4887,0.7299,0.5659,Well-Lit,Overnight,1
0.6549,0.3504,0.2248,0.9589,0.7016,Dim-Light,Evening,0
0.6411,0.294,0.183,0.9095,0.4728,Well-Lit,Daytime,0
0.8335,0.3072,0.1478,0.983,0.644,Fluorescent,Evening,0
0.8318,0.2753,0.1224,0.8803,0.693,Well-Lit,Daytime,0
0.5648,0.1883,0.2163,0.8483,0.5646,Fluorescent,Overnight,0
0.6293,0.3898,0.2384,1.15,0.8435,Fluorescent,Daytime,0
0.7515,0.3371,0.2863,0.9666,0.7231,Well-Lit,Daytime,0
0.7139,0.2762,0.2071,0.8953,0.7291,Well-Lit,Evening,0
0.5036,0.2454,0.5025,0.8747,0.5471,Dim-Light,Overnight,1
0.9361,0.4092,0.1906,1.0279,0.8093,Well-Lit,Daytime,0
0.3478,0.2859,0.3331,1.0779,0.4403,Dim-Light,Overnight,1
0.7201,0.3452,0.1764,0.9808,0.7554,Well-Lit,Evening,0
0.6995,0.3122,0.2987,1.0094,0.8112,Dim-Light,Daytime,0
0.7709,0.3636,0.3112,0.9715,0.7744,Well-Lit,Daytime,0
0.3479,0.2525,0.281,0.7668,0.6242,Dim-Light,Overnight,1
0.3305,0.1981,0.5676,0.9757,0.4128,Well-Lit,Daytime,1
0.3598,0.1812,0.3499,0.6876,0.7709,Dim-Light,Evening,1
0.4951,0.4207,0.1683,0.9758,0.7276,Well-Lit,Daytime,0
0.6518,0.3438,0.2188,0.936,0.4986,Well-Lit,Evening,0
1.0,0.3998,0.267,0.9927,0.7901,Well-Lit,Daytime,0
0.5904,0.2109,0.4605,0.8501,0.3962,Fluorescent,Overnight,1
0.5632,0.3683,0.1822,0.8841,0.6818,Well-Lit,Daytime,0
0.762,0.3392,0.2334,0.9269,0.7094,Well-Lit,Daytime,0
0.2709,0.2221,0.237,0.9568,0.7673,Dim-Light,Evening,1
0.3408,0.2182,0.3597,1.0849,0.3824,Well-Lit,Daytime,1
0.3683,0.252,0.3453,0.8327,0.3243,Well-Lit,Evening,1
0.4516,0.2134,0.6021,0.7032,0.5631,Dim-Light,Evening,1
0.7753,0.3331,0.1675,0.894,0.5133,Well-Lit,Evening,0
0.3727,0.1648,0.3521,0.85,0.3253,Well-Lit,Overnight,1
0.7019,0.3582,0.1469,1.0135,0.9539,Well-Lit,Evening,0
0.3561,0.2561,0.346,0.9201,0.5892,Dim-Light,Overnight,1
0.7484,0.359,0.2462,1.0555,0.759,Well-Lit,Daytime,0
0.1017,0.1505,0.4048,0.7125,0.6401,Dim-Light,Overnight,1
0.3883,0.21,0.4132,0.9618,0.621,Well-Lit,Overnight,1
1.0,0.4217,0.2955,0.9928,0.4813,Well-Lit,Evening,0
0.7042,0.187,0.5088,0.8686,0.637,Dim-Light,Daytime,1
0.3593,0.2813,0.4973,0.8186,0.7476,Fluorescent,Overnight,1
0.7887,0.3088,0.2444,1.0318,0.7596,Well-Lit,Daytime,0
0.3867,0.1483,0.5683,0.9335,0.4357,Fluorescent,Overnight,1
0.7308,0.333,0.276,0.8648,0.71,Well-Lit,Daytime,0
0.5251,0.1715,0.3749,0.8038,0.5747,Dim-Light,Evening,1
0.4339,0.2365,0.6529,0.8157,0.4833,Dim-Light,Overnight,1
0.6824,0.3302,0.2196,0.9549,0.9335,Well-Lit,Daytime,0
0.6515,0.4189,0.1996,0.8866,0.6097,Well-Lit,Daytime,0
0.7429,0.3499,0.2671,1.0038,0.706,Well-Lit,Evening,0
0.7239,0.3786,0.2058,0.8789,0.5464,Well-Lit,Daytime,0
0.608,0.349,0.1685,1.0143,0.7607,Well-Lit,Daytime,0
0.6915,0.1238,0.3129,0.7381,0.4115,Dim-Light,Overnight,1
0.4366,0.2496,0.3047,0.7919,0.3989,Well-Lit,Overnight,1
0.7718,0.3474,0.2025,0.9405,0.7093,Well-Lit,Daytime,0
0.6695,0.1797,0.1926,0.8857,0.4555,Dim-Light,Overnight,1
0.8852,0.3668,0.3131,0.9261,0.7716,Well-Lit,Daytime,0
0.4848,0.1667,0.6585,0.5,0.516,Dim-Light,Overnight,1
0.3846,0.239,0.2006,0.8527,0.6009,Fluorescent,Evening,1
0.7757,0.3725,0.2736,0.8566,0.9966,Dim-Light,Evening,0
0.8623,0.3289,0.3312,1.0862,0.8549,Well-Lit,Daytime,0
0.5243,0.2847,0.6334,0.7782,0.4679,Dim-Light,Evening,1
0.4808,0.2208,0.3612,0.7836,0.7478,Dim-Light,Evening,1
0.6065,0.3498,0.2742,0.9998,0.6312,Well-Lit,Daytime,0
0.3831,0.2042,0.5121,0.8147,0.4823,Fluorescent,Overnight,1
0.7724,0.3839,0.1766,0.9564,0.5369,Well-Lit,Daytime,0
0.2678,0.2898,0.3342,0.842,0.3687,Dim-Light,Overnight,1
0.776,0.3613,0.2125,1.0976,0.4366,Fluorescent,Daytime,0
0.4064,0.2576,0.3263,0.7018,0.7077,Dim-Light,Overnight,1
0.6415,0.3245,0.2054,0.9984,0.5633,Well-Lit,Daytime,0
0.3973,0.2298,0.4554,0.9154,0.3721,Well-Lit,Overnight,1
0.7735,0.3761,0.1958,0.9811,0.8115,Fluorescent,Evening,0
0.757,0.3377,0.2557,0.8973,0.6516,Fluorescent,Daytime,0
0.678,0.346,0.2281,1.0085,0.7175,Well-Lit,Daytime,0
0.565,0.2529,0.6157,0.997,0.6776,Dim-Light,Overnight,1
0.6167,0.2552,0.4925,0.7144,0.4607,Dim-Light,Evening,1
0.999,0.3809,0.2231,0.9092,0.6016,Well-Lit,Overnight,0
0.6918,0.338,0.2655,1.0147,0.6044,Well-Lit,Daytime,0
0.5727,0.2329,0.2462,0.8932,0.4421,Dim-Light,Evening,1
0.6778,0.3489,0.237,0.8219,0.3765,Well-Lit,Evening,0
0.6493,0.3511,0.2757,1.0085,0.6278,Well-Lit,Daytime,0
0.5795,0.1899,0.4252,0.9867,0.4973,Dim-Light,Daytime,1
0.3234,0.175,0.4984,0.7977,0.4641,Fluorescent,Overnight,1
0.5257,0.2326,0.6928,0.8668,0.3422,Dim-Light,Overnight,1
0.7177,0.3859,0.2067,0.9336,0.7679,Well-Lit,Daytime,0
0.8759,0.4251,0.2205,1.0222,0.8888,Well-Lit,Daytime,0
1.0,0.4145,0.1152,0.9381,0.541,Dim-Light,Daytime,0
0.7329,0.1881,0.4221,0.7751,0.5176,Well-Lit,Overnight,1
0.4448,0.2734,0.3997,0.9259,0.3645,Dim-Light,Evening,1
0.521,0.2636,0.3449,0.7919,0.5194,Dim-Light,Daytime,1
0.4016,0.2372,0.1046,0.9435,0.4595,Dim-Light,Overnight,1
0.8105,0.3672,0.1973,1.0419,0.6271,Dim-Light,Evening,0
0.3142,0.1546,0.6567,0.8227,0.2946,Well-Lit,Overnight,1
0.8227,0.252,0.2536,1.0998,0.74,Well-Lit,Daytime,0
0.8098,0.3994,0.2193,1.0231,0.5446,Fluorescent,Daytime,0
0.4391,0.1598,0.3572,0.9423,0.4722,Dim-Light,Overnight,1
0.7218,0.3135,0.1936,0.9286,0.7754,Well-Lit,Daytime,0
0.6718,0.3007,0.283,0.921,0.9725,Well-Lit,Daytime,0
0.9142,0.326,0.184,0.803,0.8383,Dim-Light,Daytime,0
0.923,0.3661,0.2322,0.974,0.672,Well-Lit,Evening,0
0.8813,0.4313,0.2659,0.945,0.6177,Well-Lit,Daytime,0
0.4802,0.1811,0.459,0.9261,0.2175,Dim-Light,Overnight,1
0.5882,0.3333,0.2672,0.8505,0.4871,Well-Lit,Daytime,0
0.427,0.2368,0.5668,0.7788,0.1,Well-Lit,Overnight,1
0.5777,0.3113,0.3148,1.15,0.5865,Fluorescent,Evening,0
0.8121,0.4171,0.3109,0.8838,0.5706,Fluorescent,Daytime,0
0.6779,0.2803,0.4558,0.9453,0.629,Dim-Light,Overnight,1
0.6342,0.2554,0.1035,0.988,0.7328,Well-Lit,Overnight,0
0.7455,0.311,0.2065,1.0578,0.8316,Fluorescent,Daytime,0
0.6927,0.3402,0.245,0.8387,0.7785,Well-Lit,Overnight,0
0.417,0.154,0.3063,0.7889,0.4149,Well-Lit,Evening,1
0.5702,0.228,0.3639,0.8353,0.456,Fluorescent,Evening,1
0.3745,0.2041,0.2287,0.7674,0.4362,Well-Lit,Evening,1
0.507,0.4152,0.1773,0.929,0.831,Well-Lit,Daytime,0
0.7953,0.3288,0.2709,0.9169,0.6704,Well-Lit,Daytime,0
0.38,0.1167,0.3444,0.8595,0.2536,Well-Lit,Overnight,1
0.4283,0.2171,0.339,0.9574,0.3694,Fluorescent,Overnight,1
0.6746,0.2777,0.3876,0.8749,0.4676,Dim-Light,Evening,1
0.2871,0.2121,0.4984,0.8966,0.5265,Dim-Light,Evening,1
0.8118,0.3685,0.2234,1.0,0.8171,Fluorescent,Overnight,0
0.5356,0.2337,0.3951,1.0539,0.3502,Fluorescent,Evening,1
0.4514,0.2051,0.3347,0.7548,0.2722,Dim-Light,Evening,1
0.7477,0.3954,0.28,0.9101,0.6228,Well-Lit,Evening,0
0.7898,0.4028,0.3046,1.0028,0.5437,Well-Lit,Daytime,0
0.4534,0.3441,0.1889,0.9575,0.8789,Well-Lit,Daytime,0
0.7873,0.3899,0.1977,0.8099,0.6325,Well-Lit,Daytime,0
0.4041,0.2912,0.3887,0.7869,0.1934,Fluorescent,Overnight,1
0.588,0.2525,0.263,0.824,0.6318,Dim-Light,Overnight,1
0.4346,0.2325,0.4618,0.6821,0.3536,Fluorescent,Overnight,0
0.689,0.2317,0.3735,0.8834,0.654,Fluorescent,Overnight,1
0.6195,0.1841,0.3499,0.6278,0.2412,Dim-Light,Daytime,1
0.4149,0.2185,0.5963,0.7325,0.3412,Dim-Light,Overnight,1
0.8843,0.4505,0.2504,0.9212,0.8802,Well-Lit,Evening,0
0.5105,0.2429,0.1936,0.7247,0.4747,Dim-Light,Evening,1
0.495,0.1986,0.4563,0.736,0.5255,Well-Lit,Daytime,1
0.5702,0.2705,0.204,0.9119,0.3678,Well-Lit,Overnight,1
0.6718,0.3376,0.2148,0.8987,0.9485,Fluorescent,Daytime,0
0.7542,0.3054,0.2443,1.0826,0.9466,Dim-Light,Daytime,0
0.6439,0.2637,0.18,0.9835,0.7927,Dim-Light,Daytime,0
0.4557,0.2328,0.4452,0.7354,0.4176,Dim-Light,Evening,1
0.7929,0.2941,0.2874,0.9543,0.7182,Well-Lit,Daytime,0
0.472,0.2356,0.3781,0.7165,0.5403,Dim-Light,Evening,1
0.5196,0.2284,0.3928,0.9494,0.6953,Well-Lit,Overnight,1
0.4,0.3074,0.4619,0.927,0.4499,Well-Lit,Overnight,1
0.7468,0.2642,0.1518,0.8518,0.6632,Well-Lit,Daytime,0
0.4844,0.1751,0.564,0.7198,0.5435,Well-Lit,Daytime,1
0.4126,0.2024,0.2135,0.9003,0.2342,Dim-Light,Overnight,1
0.3231,0.1849,0.4419,0.9262,0.3733,Fluorescent,Evening,1
0.8708,0.2848,0.2287,0.9235,0.6936,Dim-Light,Evening,0
0.3917,0.2841,0.3399,0.8569,0.3686,Well-Lit,Overnight,1
0.4674,0.2497,0.5403,0.6746,0.2628,Dim-Light,Overnight,1
0.7176,0.2123,0.2635,0.9129,0.5735,Well-Lit,Evening,0
0.6589,0.1348,0.3071,0.6635,0.6386,Dim-Light,Overnight,1
0.384,0.2671,0.1724,0.8016,0.5083,Dim-Light,Evening,1
0.5839,0.1534,0.5629,0.8797,0.5165,Dim-Light,Evening,1
0.3118,0.2731,0.5367,0.7812,0.5012,Well-Lit,Overnight,1
0.8064,0.25,0.4047,0.6773,0.6281,Well-Lit,Evening,1
0.7794,0.3764,0.2026,0.9566,0.5666,Fluorescent,Evening,0
0.471,0.1398,0.4767,0.8009,0.5915,Fluorescent,Evening,1
0.4894,0.1942,0.1,0.7243,0.4043,Dim-Light,Overnight,1
0.5423,0.2301,0.3667,0.8282,0.4701,Dim-Light,Overnight,1
0.8901,0.3313,0.1971,0.988,0.7451,Well-Lit,Daytime,0
0.3637,0.2193,0.1282,0.7599,0.4961,Dim-Light,Overnight,0
0.6789,0.4236,0.2301,0.9756,0.742,Fluorescent,Daytime,0
0.8323,0.3351,0.2157,0.8348,0.88,Well-Lit,Daytime,0
0.4071,0.2107,0.499,0.8249,0.2879,Dim-Light,Evening,1
0.923,0.3819,0.2376,0.8859,0.5599,Fluorescent,Daytime,0
0.3493,0.1223,0.1,0.9347,0.5429,Dim-Light,Overnight,1
0.1838,0.2344,0.4667,0.7253,0.5242,Fluorescent,Overnight,1
0.4708,0.2524,0.4403,0.79,0.1489,Well-Lit,Overnight,1
0.5677,0.3749,0.2556,0.8732,0.7478,Well-Lit,Daytime,0
0.2963,0.2226,0.6311,0.6059,0.3749,Dim-Light,Overnight,1
0.3152,0.2366,0.3117,0.6387,0.6121,Fluorescent,Daytime,1
0.7848,0.3387,0.2725,0.9507,0.7303,Fluorescent,Daytime,0
0.7089,0.3218,0.214,0.9444,0.5514,Fluorescent,Daytime,0
0.1964,0.2613,0.6369,0.8987,0.3774,Dim-Light,Overnight,1
0.4066,0.2482,0.2961,0.7896,0.4345,Fluorescent,Overnight,1
0.7591,0.3239,0.2777,0.9558,0.9067,Well-Lit,Evening,0
0.8598,0.4175,0.2388,1.0001,0.6926,Fluorescent,Daytime,0
0.5232,0.2084,0.7795,0.7398,0.4189,Dim-Light,Evening,1
0.6003,0.3499,0.1878,0.9862,0.9524,Well-Lit,Daytime,0
0.8206,0.2668,0.1924,1.0335,0.6725,Well-Lit,Daytime,0
0.6492,0.2081,0.2804,0.8896,0.4896,Well-Lit,Evening,1
0.3594,0.1963,0.582,0.9544,0.4469,Dim-Light,Overnight,1
0.4366,0.2471,0.279,0.897,0.5964,Dim-Light,Evening,1
0.7557,0.2734,0.368,0.9318,0.9073,Well-Lit,Daytime,0
0.615,0.4545,0.3416,0.8884,0.6476,Well-Lit,Daytime,0
0.5775,0.2729,0.2372,0.7255,0.4175,Fluorescent,Daytime,1
0.5259,0.3059,0.217,1.1491,0.7985,Well-Lit,Overnight,0
1.0,0.4298,0.2261,1.049,0.5428,Well-Lit,Daytime,0
0.4847,0.2412,0.2142,1.0963,0.7373,Well-Lit,Evening,0
0.4203,0.2868,0.2476,0.7273,0.4709,Fluorescent,Overnight,1
0.7832,0.3998,0.3108,0.8375,0.5697,Well-Lit,Daytime,0
0.4034,0.2145,0.5299,0.7265,0.3442,Well-Lit,Daytime,1
0.6374,0.2315,0.4027,0.8126,0.2525,Dim-Light,Evening,1
0.2155,0.1594,0.5756,0.9249,0.5368,Well-Lit,Evening,0
0.3507,0.2922,0.1542,0.6838,0.5755,Dim-Light,Overnight,1
0.4461,0.3136,0.3844,0.6512,0.541,Fluorescent,Overnight,1
0.5157,0.4187,0.1571,0.9364,0.8954,Well-Lit,Daytime,0
0.6038,0.1999,0.5396,0.8899,0.5701,Dim-Light,Daytime,1
0.8077,0.3178,0.1019,1.0028,0.8553,Fluorescent,Daytime,0
0.3085,0.2243,0.4573,0.7478,0.426,Fluorescent,Overnight,1
0.9723,0.2732,0.1416,0.9058,0.6144,Well-Lit,Daytime,0
0.7905,0.3668,0.1627,0.9524,0.4608,Fluorescent,Evening,1
0.8185,0.3721,0.2854,0.9661,0.8539,Well-Lit,Daytime,0
0.339,0.1589,0.3144,0.671,0.321,Dim-Light,Overnight,1
0.8371,0.2933,0.1803,0.8891,0.6631,Dim-Light,Daytime,0
0.4509,0.2205,0.3534,0.8854,0.7445,Dim-Light,Overnight,1
0.9973,0.3779,0.131,0.9043,0.621,Fluorescent,Daytime,0
0.3304,0.215,0.2898,0.7127,0.6349,Dim-Light,Overnight,1
0.5012,0.2332,0.2992,0.6514,0.6095,Well-Lit,Overnight,1
0.6013,0.2259,0.5635,0.8277,0.4302,Well-Lit,Evening,1
0.6484,0.3522,0.2442,0.9251,0.8161,Fluorescent,Evening,0
0.8285,0.3392,0.2028,0.9175,0.7044,Fluorescent,Daytime,0
0.4648,0.2133,0.2283,0.9154,0.234,Dim-Light,Daytime,1
0.4951,0.261,0.6884,0.8001,0.3418,Fluorescent,Evening,1
0.666,0.3041,0.2561,1.0,0.7204,Fluorescent,Evening,0
0.539,0.2848,0.3279,0.9389,0.8432,Fluorescent,Daytime,0
0.6048,0.2317,0.2589,0.8567,0.6391,Fluorescent,Overnight,1
0.6878,0.3016,0.2331,0.9314,0.5548,Well-Lit,Daytime,0
0.7389,0.2015,0.4714,0.7635,0.5904,Well-Lit,Overnight,1
0.7912,0.3414,0.2683,1.012,0.7553,Well-Lit,Daytime,0
0.5884,0.2709,0.4962,0.792,0.2131,Dim-Light,Evening,1
0.6643,0.3423,0.2152,1.0672,0.4879,Well-Lit,Daytime,0
0.7421,0.3754,0.2538,0.8637,0.6866,Well-Lit,Evening,0
0.4362,0.2164,0.425,0.6651,0.5877,Fluorescent,Evening,1
0.4688,0.1915,0.3164,0.6941,0.7128,Fluorescent,Overnight,1
0.3237,0.2374,0.4933,0.7746,0.3518,Dim-Light,Evening,1
0.5853,0.2322,0.1161,0.9719,0.4094,Well-Lit,Evening,1
0.4818,0.1865,0.3347,0.8635,0.4563,Fluorescent,Overnight,1
0.3652,0.2968,0.11,0.8136,0.3156,Fluorescent,Evening,1
0.4253,0.2106,0.2079,0.7755,0.5375,Fluorescent,Overnight,1
1.0,0.3367,0.2084,0.9333,0.767,Well-Lit,Evening,0
0.2394,0.2738,0.2495,0.7412,0.4054,Dim-Light,Overnight,1
0.4744,0.1858,0.436,0.8875,0.5202,Dim-Light,Evening,1
0.5198,0.2347,0.2567,0.8186,0.7956,Dim-Light,Overnight,1
0.4272,0.2336,0.7418,0.9502,0.2014,Fluorescent,Evening,1
0.1971,0.2469,0.4151,0.8819,0.6493,Dim-Light,Overnight,1
0.7982,0.3648,0.1426,0.9595,0.5238,Well-Lit,Evening,0
0.5188,0.2415,0.2943,0.7742,0.4021,Fluorescent,Overnight,1
0.3275,0.1919,0.211,0.7477,0.5149,Fluorescent,Overnight,1
0.5762,0.3439,0.2933,0.9115,0.663,Fluorescent,Evening,0
0.4617,0.1326,0.42,0.8055,0.612,Well-Lit,Overnight,1
0.4633,0.1913,0.3022,0.7057,0.4928,Dim-Light,Overnight,1
0.6844,0.3678,0.2423,0.9887,0.6053,Dim-Light,Daytime,0
0.4765,0.3136,0.3449,0.8483,0.4629,Dim-Light,Overnight,1
0.3501,0.2251,0.392,0.8708,0.2841,Fluorescent,Overnight,1
0.9512,0.3665,0.2918,1.0276,0.8706,Fluorescent,Daytime,0
0.3913,0.271,0.2462,0.7538,0.3913,Dim-Light,Overnight,1
0.8539,0.3059,0.2881,1.0755,0.8376,Fluorescent,Daytime,0
0.5206,0.2368,0.3658,0.8345,0.492,Fluorescent,Evening,1
0.5641,0.2782,0.3119,0.8803,0.591,Fluorescent,Overnight,1
0.4683,0.2386,0.2709,0.775,0.2911,Dim-Light,Overnight,1
0.5609,0.2162,0.2365,0.8606,0.4256,Dim-Light,Overnight,1
0.9033,0.2577,0.255,0.8841,0.5918,Fluorescent,Daytime,0
0.2434,0.2338,0.1598,0.9519,0.4523,Fluorescent,Evening,1
0.499,0.2588,0.6789,0.7223,0.1986,Well-Lit,Overnight,1
0.8157,0.3672,0.1509,0.9862,0.929,Well-Lit,Overnight,0
0.4725,0.2119,0.5557,0.9493,0.4397,Fluorescent,Overnight,1
0.7363,0.4197,0.258,0.9612,0.9953,Fluorescent,Evening,0
0.7529,0.3953,0.1747,1.0164,0.6899,Dim-Light,Daytime,0
0.8737,0.3183,0.2187,1.1197,0.9255,Well-Lit,Daytime,0
0.5718,0.2358,0.5151,0.7488,0.5329,Dim-Light,Evening,1
0.6378,0.2425,0.3955,0.9087,0.2733,Fluorescent,Evening,1
0.849,0.3974,0.3106,0.886,0.9712,Well-Lit,Daytime,0
0.4918,0.1733,0.4045,0.8637,0.54,Dim-Light,Daytime,1
0.7411,0.3716,0.2174,0.9927,0.4569,Well-Lit,Evening,0
0.2585,0.287,0.689,0.748,0.4348,Dim-Light,Daytime,1
0.7384,0.2788,0.2602,0.9113,0.5289,Well-Lit,Daytime,0
0.5802,0.3088,0.2209,1.0448,0.6081,Dim-Light,Daytime,0
0.8646,0.3185,0.2931,1.0473,0.5368,Fluorescent,Daytime,0
0.4275,0.2167,0.3918,0.793,0.3108,Dim-Light,Daytime,1
0.3435,0.2189,0.5355,0.745,0.2939,Dim-Light,Daytime,1
0.9459,0.3074,0.3385,0.9669,0.5858,Fluorescent,Daytime,0
0.6871,0.383,0.221,0.8889,0.7232,Dim-Light,Daytime,0
0.858,0.3726,0.214,0.8498,0.9179,Fluorescent,Daytime,0
0.7783,0.293,0.2608,1.0598,0.5918,Well-Lit,Daytime,0
0.2905,0.1982,0.1,0.8388,0.6396,Dim-Light,Daytime,1
0.5297,0.194,0.203,0.7906,0.5284,Well-Lit,Evening,1
0.4249,0.2432,0.3191,0.8557,0.5008,Dim-Light,Evening,1
0.772,0.3023,0.2195,1.0158,0.5746,Well-Lit,Daytime,0
0.7318,0.2787,0.2145,1.0381,0.6571,Well-Lit,Daytime,0
0.4821,0.2642,0.2672,0.7622,0.4566,Fluorescent,Overnight,1
0.3008,0.2636,0.4043,0.7906,0.704,Fluorescent,Overnight,1
0.6311,0.3141,0.2076,0.9312,0.4518,Well-Lit,Evening,0
0.845,0.3186,0.3005,1.0397,0.6234,Well-Lit,Daytime,0
0.6793,0.3939,0.222,0.9426,0.866,Well-Lit,Daytime,0
0.7313,0.3896,0.1866,1.15,0.4962,Well-Lit,Daytime,0
0.405,0.324,0.563,0.8211,0.3968,Fluorescent,Overnight,1
0.6766,0.2128,0.2149,0.8555,0.513,Dim-Light,Overnight,1
0.6297,0.288,0.1965,0.9452,0.6785,Well-Lit,Daytime,0
0.6433,0.3937,0.2181,1.0438,0.5771,Fluorescent,Daytime,0
0.7355,0.226,0.4202,0.8271,0.3764,Dim-Light,Overnight,1
0.5965,0.4679,0.2592,1.0082,0.7678,Well-Lit,Evening,0
0.6312,0.3065,0.171,0.8851,0.5915,Fluorescent,Daytime,0
1.0,0.3624,0.1813,0.9978,0.7587,Fluorescent,Daytime,0
0.702,0.2788,0.4796,0.9053,0.2487,Dim-Light,Overnight,1
0.6705,0.2854,0.298,0.9459,0.5745,Well-Lit,Overnight,0
0.7773,0.381,0.2312,0.8123,0.8101,Well-Lit,Evening,0
0.5055,0.2779,0.6248,0.7796,0.5424,Fluorescent,Overnight,1
0.612,0.3389,0.699,0.9805,0.5971,Fluorescent,Overnight,1
1.0,0.3898,0.167,0.8386,0.7194,Fluorescent,Evening,0
0.478,0.254,0.6707,0.7473,0.2947,Dim-Light,Overnight,1
0.5358,0.3112,0.2763,0.8466,0.2212,Well-Lit,Evening,1
0.5116,0.2151,0.3485,0.86,0.3699,Dim-Light,Overnight,1
0.7558,0.3597,0.2919,0.9407,0.9688,Well-Lit,Daytime,0
0.6128,0.3522,0.239,0.9048,0.7569,Fluorescent,Daytime,0
0.6263,0.232,0.4465,0.8615,0.3418,Well-Lit,Overnight,1
0.5557,0.2749,0.2629,1.0049,0.4157,Well-Lit,Overnight,1
0.6846,0.3295,0.2741,0.9177,0.7365,Well-Lit,Evening,0
0.9328,0.3075,0.2476,0.7576,0.7665,Well-Lit,Daytime,0
0.5126,0.2479,0.4032,0.7667,0.4325,Fluorescent,Overnight,1
0.6944,0.3112,0.1729,0.9949,0.6878,Well-Lit,Daytime,0
0.5915,0.3473,0.2793,0.8797,0.6074,Fluorescent,Evening,0
0.7347,0.1835,0.4017,0.6994,0.4914,Fluorescent,Overnight,1
0.9403,0.36,0.1548,1.0044,0.4202,Dim-Light,Daytime,0
0.8475,0.4138,0.2838,1.0417,0.5501,Fluorescent,Overnight,0
0.3791,0.2058,0.5415,0.6338,0.5354,Fluorescent,Overnight,1
0.6908,0.3171,0.2358,0.8593,0.3766,Well-Lit,Daytime,0
0.629,0.3247,0.2233,0.9895,0.8397,Well-Lit,Daytime,0
0.6393,0.2499,0.1849,1.0267,0.6065,Dim-Light,Evening,0
0.5078,0.2726,0.5468,0.7909,0.688,Dim-Light,Evening,1
0.2957,0.1879,0.606,0.6448,0.6194,Dim-Light,Daytime,1
0.4369,0.246,0.2949,0.8801,0.6401,Fluorescent,Overnight,1
0.6896,0.3994,0.2726,0.9808,0.6465,Fluorescent,Daytime,0
0.8259,0.3293,0.1578,1.085,0.9496,Well-Lit,Daytime,0
0.6423,0.3225,0.2417,0.9911,0.4991,Fluorescent,Daytime,1
1.0,0.2759,0.1975,0.956,0.7335,Well-Lit,Daytime,0
0.2814,0.2789,0.1584,0.77,0.5054,Well-Lit,Overnight,1
0.6353,0.2715,0.161,1.0948,0.3616,Well-Lit,Daytime,0
0.5557,0.2088,0.4012,0.8755,,Well-Lit,Evening,1
0.936,0.4323,0.2098,0.8993,0.7576,Fluorescent,Evening,0
0.3707,0.1674,0.3039,0.7594,0.3319,Dim-Light,Evening,1
0.464,0.282,0.2844,0.8412,0.5717,Well-Lit,Evening,1
0.6828,0.2136,0.4034,0.6912,0.3992,Fluorescent,Overnight,1
0.7589,0.387,0.1549,0.9853,0.8156,Fluorescent,Evening,0
0.2291,0.2383,0.2744,0.7146,0.694,Fluorescent,Evening,1
0.6812,0.4064,0.1744,0.9172,0.6532,Well-Lit,Daytime,0
0.2131,0.2223,0.7585,0.7764,0.493,Fluorescent,Overnight,1
0.881,0.3654,0.2533,1.0637,0.744,Well-Lit,Evening,0
0.607,0.3723,0.1797,1.0249,0.8727,Well-Lit,Daytime,0
0.3298,0.3353,0.6,0.8171,0.5698,Fluorescent,Evening,1
0.6931,0.2214,0.5879,1.0742,0.6231,Fluorescent,Evening,1
0.5726,0.2795,0.223,1.0361,0.594,Well-Lit,Daytime,0
0.8529,0.4444,0.1703,0.9092,0.7557,Fluorescent,Daytime,0
0.7917,0.361,0.2,0.8923,0.8391,Fluorescent,Daytime,0
0.667,0.29,0.2508,0.8045,0.4694,Dim-Light,Overnight,1
0.4035,0.2141,0.3015,0.7609,0.6683,Fluorescent,Evening,1
0.4262,0.2883,0.5578,0.7764,0.7708,Fluorescent,Overnight,1
0.8066,0.4256,0.2692,0.9967,0.7457,Well-Lit,Daytime,0
0.4443,0.2518,0.1869,0.7795,0.4787,Dim-Light,Daytime,1
0.7962,0.2865,0.3269,0.9811,0.4556,Well-Lit,Evening,0
0.3778,0.309,0.5496,0.9004,0.3991,Well-Lit,Overnight,1
0.6808,0.3485,0.2715,0.9803,0.7565,Fluorescent,Daytime,0
0.5456,0.3675,0.2843,1.0205,0.5325,Well-Lit,Daytime,0
0.4027,0.1661,0.1906,0.6262,0.4576,Dim-Light,Daytime,1
0.5218,0.1488,0.4475,0.7449,0.6169,Dim-Light,Evening,1
0.7855,0.3545,0.261,0.9217,0.8354,Well-Lit,Daytime,0
0.3141,0.2004,0.5204,0.8759,0.2934,Dim-Light,Evening,1
0.2239,0.1561,0.3942,0.7302,0.5747,Fluorescent,Evening,1
0.9739,0.272,0.2384,0.856,0.5391,Well-Lit,Daytime,0
0.7581,0.3827,0.2064,1.0101,0.6308,Well-Lit,Daytime,0
0.8354,0.215,0.3166,0.866,0.6123,Well-Lit,Daytime,0
0.5696,0.3468,0.2422,0.9772,0.6954,Well-Lit,Daytime,0
0.7874,0.3326,0.2774,1.0673,0.4263,Fluorescent,Daytime,0
0.5514,0.2784,0.2804,0.6648,0.6604,Well-Lit,Overnight,1
0.9719,0.2877,0.2212,0.9564,0.753,Well-Lit,Daytime,0
0.8001,0.2914,0.5348,0.8797,0.2095,Dim-Light,Overnight,0
0.6372,0.3676,0.2285,0.855,0.5954,Well-Lit,Daytime,0
0.7182,0.4183,0.2799,1.0499,0.8268,Fluorescent,Daytime,0
0.6422,0.3251,0.2573,1.1047,0.495,Well-Lit,Daytime,0
0.437,0.2243,0.6348,0.7797,0.2509,Dim-Light,Overnight,1
0.5647,0.2687,0.4045,0.8842,0.5618,Fluorescent,Overnight,1
0.5538,0.1994,0.22,0.8778,0.5213,Fluorescent,Overnight,1
0.6006,0.3596,0.2619,0.9416,0.8407,Well-Lit,Evening,0
0.5464,0.1979,0.5824,0.8048,0.3041,Dim-Light,Evening,1
0.4319,0.4164,0.2183,0.9678,0.6815,Well-Lit,Daytime,0
0.4007,0.2296,0.2688,0.8968,0.5376,Dim-Light,Overnight,1
0.4476,0.2779,0.547,0.7484,0.5538,Well-Lit,Evening,1
0.3901,0.1759,0.4046,0.86,0.3378,Fluorescent,Overnight,1
0.2643,0.1561,0.2935,0.7976,0.2658,Dim-Light,Overnight,1
0.7928,0.3314,0.2407,1.15,0.5431,Well-Lit,Daytime,0
0.7945,0.3534,0.2136,0.9312,0.5555,Well-Lit,Daytime,0
0.6999,0.2062,0.5257,0.6932,0.7893,Well-Lit,Evening,1
0.6864,0.3892,0.1886,0.9606,0.4464,Well-Lit,Evening,0
0.4012,0.283,0.4473,0.8034,0.2672,Dim-Light,Overnight,1
0.4343,0.1937,0.5258,0.8156,0.397,Fluorescent,Evening,1
0.6285,0.3771,0.2123,0.7402,0.7548,Well-Lit,Evening,0
0.526,0.1998,0.3117,0.8547,0.3417,Dim-Light,Overnight,1
0.3888,0.168,0.3004,0.834,0.6099,Dim-Light,Overnight,1
0.6873,0.3554,0.3202,1.0565,0.8385,Well-Lit,Daytime,0
0.5762,0.2107,0.3685,0.7745,0.4815,Dim-Light,Overnight,1
0.725,0.4242,0.1362,0.9032,0.8844,Well-Lit,Daytime,0
0.5197,0.2217,0.5668,0.7844,0.499,Dim-Light,Overnight,1
0.6967,0.2717,0.1523,0.9114,0.7437,Dim-Light,Evening,0
0.6638,0.3858,0.2785,1.056,0.7883,Well-Lit,Daytime,0
0.7522,0.3428,0.2783,0.9377,0.6613,Well-Lit,Daytime,0
0.1139,0.2078,0.1359,0.813,0.1802,Dim-Light,Evening,1
0.8212,0.36,0.2395,0.9859,0.8134,Well-Lit,Daytime,0
0.2874,0.1403,0.7075,0.77,0.3023,Dim-Light,Evening,1
0.8544,0.3671,0.1865,0.8716,0.9665,Well-Lit,Daytime,0
0.6836,0.2699,0.2828,0.9319,0.7024,Well-Lit,Daytime,0
0.6579,0.2827,0.2998,0.8911,0.5669,Fluorescent,Daytime,0
0.6687,0.4438,0.2444,1.0579,0.7746,Well-Lit,Evening,0
0.4839,0.1894,0.5502,0.7655,0.5672,Fluorescent,Overnight,1
0.1847,0.1453,0.3993,0.8857,0.2308,Well-Lit,Daytime,1
0.8824,0.3694,0.2433,0.9393,0.6794,Well-Lit,Evening,0
0.4741,0.2851,0.4331,0.8306,0.1504,Fluorescent,Overnight,1
0.6129,0.1984,0.1268,0.835,0.2913,Dim-Light,Evening,1
0.8249,0.415,0.2251,0.9825,0.558,Dim-Light,Evening,0
0.7889,0.3166,0.2194,1.0287,0.8458,Well-Lit,Daytime,1
0.4983,0.1852,0.3983,0.8172,0.4459,Dim-Light,Daytime,1
0.4894,0.1891,0.3173,0.8715,0.4545,Fluorescent,Overnight,1
0.779,0.468,0.1942,1.0589,0.5327,Fluorescent,Daytime,0
0.6521,0.2887,0.2117,1.0536,0.7791,Well-Lit,Daytime,0
0.6388,0.4059,0.312,0.9985,0.669,Well-Lit,Daytime,0
0.3845,0.1415,0.2563,0.8829,0.381,Well-Lit,Evening,1
0.7813,0.2596,0.5148,0.7249,0.758,Well-Lit,Evening,1
0.479,0.3006,0.203,0.845,0.4307,Dim-Light,Daytime,1
0.8476,0.3695,0.3331,1.0312,0.7616,Well-Lit,Daytime,0
0.6775,0.3561,0.2378,0.9841,0.6953,Fluorescent,Evening,0
0.7655,0.3321,0.2043,0.9354,0.7955,Well-Lit,Daytime,0
0.5815,0.2118,0.1,0.6827,0.379,Dim-Light,Overnight,1
0.6329,0.2191,0.5358,0.8259,0.6169,Well-Lit,Evening,1
0.7973,0.3943,0.2431,1.0332,0.6853,Well-Lit,Evening,0
0.6023,0.3954,0.1766,1.0428,0.6652,Fluorescent,Daytime,0
0.16,0.2189,0.2244,0.8306,0.7577,Dim-Light,Overnight,1
0.2833,0.196,0.3838,0.8202,0.6003,Dim-Light,Evening,1
0.6934,0.3177,0.1832,0.9843,0.7369,Well-Lit,Daytime,0
0.7586,0.348,0.2463,0.9836,0.8389,Well-Lit,Daytime,0
0.8117,0.3238,0.2371,1.0043,0.9661,Well-Lit,Daytime,0
0.6043,0.3153,0.2521,0.871,0.7618,Well-Lit,Daytime,0
0.8256,0.409,0.2311,1.1271,0.8479,Dim-Light,Daytime,0
0.4721,0.2503,0.1,0.856,0.4769,Dim-Light,Evening,1
0.638,0.2357,0.209,0.7852,0.3565,Fluorescent,Overnight,1
0.5811,0.2878,0.1882,0.9673,0.6916,Well-Lit,Daytime,0
0.5597,0.2658,0.2685,0.8336,0.4826,Fluorescent,Evening,1
0.4365,0.248,0.4512,0.7846,0.5386,Fluorescent,Evening,1
0.5605,0.1627,0.3605,0.8866,0.4538,Fluorescent,Overnight,1
0.7237,0.3643,0.2399,0.8476,0.7252,Dim-Light,Daytime,0
0.8176,0.3587,0.2146,0.9479,0.7067,Dim-Light,Daytime,0
0.4102,0.2018,0.4189,0.8239,0.4534,Well-Lit,Evening,1
0.9328,0.3927,0.2298,0.959,0.9454,Dim-Light,Daytime,0
0.5653,0.2202,0.5492,0.8847,0.6589,Fluorescent,Overnight,1
0.8409,0.3539,0.2224,1.0308,0.7172,Well-Lit,Daytime,0
0.8214,0.3639,0.2338,0.8441,0.5825,Dim-Light,Overnight,0
0.7219,0.4716,0.2073,0.9891,0.5264,Well-Lit,Daytime,0
0.5123,0.2846,0.4281,0.9429,0.4018,Fluorescent,Overnight,1
0.7256,0.3255,0.2295,0.8171,0.8907,Well-Lit,Evening,0
0.4678,0.1348,0.6004,0.8167,0.2021,Dim-Light,Overnight,1
0.7736,0.257,0.1,1.0738,0.6731,Well-Lit,Daytime,1
0.8136,0.3397,0.2038,0.927,0.8143,Well-Lit,Evening,0
0.8106,0.3276,0.2335,0.9206,0.4831,Fluorescent,Daytime,0
0.656,0.3692,0.1822,0.9416,0.8237,Fluorescent,Daytime,0
0.9752,0.2104,0.3121,0.9189,0.5972,Well-Lit,Evening,0
0.5207,0.189,0.2823,0.716,0.5771,Fluorescent,Evening,1
0.9026,0.3262,0.2303,1.0388,0.6891,Well-Lit,Daytime,0
0.5551,0.2559,0.1911,0.8202,0.6674,Dim-Light,Overnight,1
0.6896,0.2179,0.5073,0.8303,0.4351,Dim-Light,Overnight,1
0.7002,0.4009,0.2601,0.886,0.8731,Well-Lit,Daytime,0
0.592,0.1583,0.2967,0.7763,0.3225,Fluorescent,Overnight,1
0.454,0.2728,0.3764,0.7038,0.3708,Fluorescent,Overnight,1
0.5671,0.2604,0.4164,0.7842,0.5092,Dim-Light,Overnight,1
0.8547,0.3551,0.2019,1.0723,0.6636,Well-Lit,Evening,0
0.9067,0.3219,0.2166,0.8884,0.653,Well-Lit,Daytime,0
0.5019,0.3099,0.2435,0.9569,0.7183,Well-Lit,Daytime,0
0.7344,0.3573,0.1806,0.9412,1.0,Well-Lit,Daytime,0
0.1813,0.2274,0.4413,0.8796,0.2398,Well-Lit,Evening,1
0.4629,0.252,0.4381,0.8502,0.8028,Dim-Light,Overnight,1
0.3775,0.1922,0.3969,0.8389,0.56,Well-Lit,Evening,1
0.8274,0.3023,0.3337,0.8793,0.4691,Well-Lit,Daytime,0
0.7805,0.3022,0.2148,0.8797,1.0,Well-Lit,Daytime,0
0.8745,0.3875,0.282,0.9773,0.8637,Dim-Light,Daytime,0
0.5076,0.2167,0.5804,0.6572,0.4293,Dim-Light,Evening,1
0.563,0.2231,0.304,0.9325,0.4343,Dim-Light,Overnight,1
0.4455,0.369,0.3692,1.0002,0.4262,Fluorescent,Overnight,1
0.491,0.2277,0.85,0.828,0.4636,Well-Lit,Overnight,1
0.7567,0.3097,0.2658,0.9834,0.4994,Fluorescent,Daytime,0
0.6207,0.2188,0.2704,1.0763,0.8625,Fluorescent,Daytime,0
0.7064,0.2802,0.335,0.8144,0.6764,Dim-Light,Daytime,0
0.5625,0.2108,0.5396,0.8094,0.5258,Well-Lit,Overnight,1
0.4686,0.2106,0.6543,0.9699,0.426,Fluorescent,Overnight,1
0.357,0.1853,0.3237,0.7505,0.6097,Fluorescent,Evening,1
0.7414,0.3534,0.2333,1.0271,0.9281,Well-Lit,Daytime,0
0.9698,0.3463,0.2245,0.9078,0.6902,Well-Lit,Overnight,0
0.8873,0.37,0.2075,0.9307,0.5614,Well-Lit,Daytime,0
0.6162,0.2316,0.4945,0.9634,0.4666,Dim-Light,Evening,1
0.8863,0.4065,0.224,1.0194,0.5469,Well-Lit,Daytime,0
0.6251,0.2367,0.4153,0.9428,0.5797,Fluorescent,Overnight,1
0.2894,0.1257,0.2594,0.8341,0.7739,Dim-Light,Evening,1
0.6468,0.2482,0.2496,0.8984,0.7883,Well-Lit,Evening,0
0.7869,0.3998,0.2121,0.807,0.8294,Fluorescent,Daytime,0
0.7628,0.3864,0.1792,1.1079,0.5365,Fluorescent,Daytime,0
0.6898,0.3517,0.2647,1.006,0.7403,Well-Lit,Daytime,0
0.3587,0.2098,0.5592,0.8934,0.2357,Dim-Light,Overnight,1
0.8896,0.3388,0.1989,0.9894,0.8146,Well-Lit,Evening,0
0.3782,0.1702,0.2351,0.8571,0.5985,Fluorescent,Overnight,1
0.6645,0.3078,0.309,1.0148,0.8551,Well-Lit,Daytime,1
0.3905,0.2342,0.4559,0.8742,0.3323,Dim-Light,Overnight,1
0.5469,0.3739,0.2519,0.7809,0.7775,Well-Lit,Daytime,0
0.6208,0.2238,0.3421,0.7381,0.5657,Fluorescent,Overnight,1
0.3426,0.2054,0.5025,0.9066,0.4597,Fluorescent,Overnight,1
0.3713,0.3621,0.3474,0.7419,0.3902,Fluorescent,Overnight,1
0.7512,0.4471,0.2397,0.9349,0.7937,Fluorescent,Daytime,0
0.8516,0.2523,0.3301,0.8114,0.6089,Well-Lit,Overnight,1
0.7369,0.3835,0.2697,0.9439,0.4668,Well-Lit,Evening,0
0.9758,0.2714,0.229,0.793,0.4428,Well-Lit,Evening,0
0.8277,0.2912,0.1891,0.8439,0.6462,Well-Lit,Daytime,0
0.9395,0.3647,0.2648,1.031,0.7632,Well-Lit,Daytime,0
0.8819,0.1976,0.2373,0.9669,0.7584,Fluorescent,Daytime,0
0.9606,0.3591,0.2478,0.9411,0.8758,Fluorescent,Evening,0
0.4526,0.2017,0.5074,0.9134,0.3556,Dim-Light,Evening,1
0.2778,0.2466,0.2125,0.8688,0.713,Fluorescent,Daytime,1
0.8411,0.412,0.2255,1.031,0.9316,Fluorescent,Daytime,0
0.4436,0.197,0.4136,0.741,0.7025,Dim-Light,Evening,1
0.7951,0.3276,0.3072,0.8681,0.7584,Well-Lit,Evening,0
0.3226,0.2719,0.1,0.6182,0.6798,Fluorescent,Overnight,1
0.5682,0.0944,0.1488,0.8757,0.5063,Dim-Light,Overnight,1
0.8366,0.3554,0.2205,1.0295,0.5545,Well-Lit,Daytime,0
0.5952,0.3416,0.168,0.9292,0.6839,Fluorescent,Daytime,0
0.4048,0.231,0.4714,0.8524,0.5641,Fluorescent,Evening,1
0.3737,0.3329,0.3896,0.7012,0.2941,Well-Lit,Overnight,1
0.9412,0.4136,0.2311,0.9575,0.9467,Well-Lit,Daytime,0
0.7248,0.2446,0.2158,0.9588,0.435,Well-Lit,Overnight,1
0.902,0.3848,0.2231,1.15,0.5855,Well-Lit,Daytime,0
0.7633,0.2615,0.2844,0.8731,0.6495,Dim-Light,Evening,0
0.6509,0.3915,0.1728,0.8545,0.5224,Fluorescent,Daytime,1
0.7892,0.3365,0.2344,0.9561,0.7417,Dim-Light,Daytime,0
0.8769,0.3741,0.2451,1.0721,0.6563,Dim-Light,Evening,0
0.9763,0.2984,0.2361,0.9305,0.5319,Dim-Light,Daytime,0
0.7244,0.3573,0.2514,0.9206,0.6822,Well-Lit,Daytime,0
0.8618,0.3245,0.2484,1.15,0.5886,Well-Lit,Daytime,0
0.5073,0.2811,0.276,0.8421,0.4698,Dim-Light,Evening,1
0.8282,0.3755,0.2724,0.861,0.898,Fluorescent,Daytime,0
0.8449,0.3312,0.2357,0.9475,0.6371,Fluorescent,Daytime,0
0.5776,0.2158,0.4115,0.831,0.6134,Dim-Light,Overnight,1
0.4642,0.2453,0.2915,0.7949,0.7107,Dim-Light,Evening,1
0.7457,0.4549,0.2447,0.9966,0.7263,Well-Lit,Daytime,0
0.4719,0.2649,0.2877,0.8893,0.4916,Dim-Light,Overnight,1
0.7705,0.3008,0.1975,1.0329,0.6191,Well-Lit,Evening,0
0.6636,0.3927,0.2534,1.0018,0.4335,Well-Lit,Daytime,0
0.5144,0.2288,0.3399,0.7989,0.4766,Fluorescent,Overnight,1
0.8185,0.3242,0.1646,0.8361,0.9118,Well-Lit,Daytime,0
0.3643,0.237,0.3752,0.732,0.6124,Fluorescent,Overnight,1
0.6492,0.1196,0.5452,0.8148,0.3417,Well-Lit,Evening,1
0.6811,0.1426,0.3277,0.8977,0.4683,Fluorescent,Overnight,1
0.4317,0.2578,0.4743,0.7197,0.4233,Dim-Light,Overnight,1
0.6047,0.3878,0.2553,0.8766,0.5389,Fluorescent,Daytime,0
0.6304,0.2661,0.1993,0.7184,0.8578,Dim-Light,Evening,1
0.9127,0.378,0.2863,0.9776,0.7001,Well-Lit,Daytime,0
0.7235,0.4024,0.2345,0.792,0.5262,Well-Lit,Daytime,0
0.781,0.2349,0.5849,0.7303,0.5613,Dim-Light,Evening,1
0.5393,0.2121,0.1511,0.8485,0.4168,Fluorescent,Overnight,1
0.5012,0.2287,0.3618,0.8326,0.2818,Dim-Light,Daytime,1
0.5323,0.1931,0.4535,0.7916,0.3528,Dim-Light,Overnight,1
0.6925,0.3307,0.2289,0.9343,0.7413,Well-Lit,Daytime,0
0.641,0.276,0.4701,0.8297,0.5472,Dim-Light,Evening,1
0.6658,0.2839,0.2518,0.9994,0.6877,Fluorescent,Evening,1
0.7194,0.3429,0.1895,0.946,0.7951,Dim-Light,Evening,0
0.5614,0.2015,0.5099,0.822,0.8308,Fluorescent,Overnight,1
0.7708,0.4323,0.2363,0.9198,0.5004,Well-Lit,Daytime,0
0.7636,0.3271,0.1597,0.9979,0.588,Fluorescent,Daytime,1
0.7129,0.3074,0.1969,0.8682,,Fluorescent,Evening,0
0.6507,0.4357,0.243,1.062,0.5726,Well-Lit,Daytime,0
0.8402,0.4018,0.168,0.9443,0.4118,Fluorescent,Daytime,0
0.4413,0.259,0.3681,0.7969,0.5109,Dim-Light,Overnight,1
0.2965,0.1927,0.3354,0.8106,0.5928,Dim-Light,Daytime,1
0.6215,0.2676,0.1848,0.9581,0.5565,Well-Lit,Daytime,0
0.4037,0.2313,0.3794,0.8628,0.6532,Well-Lit,Overnight,1
0.5197,0.3501,0.2154,0.8777,0.549,Dim-Light,Daytime,0
0.7361,0.3536,0.3131,0.9668,0.6238,Well-Lit,Daytime,0
0.4053,0.2133,0.2353,0.7459,0.5343,Dim-Light,Evening,1
0.5847,0.3359,0.2505,1.0146,0.5762,Fluorescent,Evening,0
0.2451,0.2546,0.5519,0.758,0.5339,Dim-Light,Evening,1
0.6688,0.3448,0.1861,0.9293,0.6625,Well-Lit,Evening,0
0.6544,0.3351,0.2861,0.8921,0.7407,Fluorescent,Daytime,0
0.3704,0.2623,0.454,0.8182,0.3746,Fluorescent,Overnight,1
0.3167,0.2317,0.3814,0.8772,0.6127,Dim-Light,Overnight,1
0.6331,0.1958,0.4644,0.9431,0.6903,Dim-Light,Overnight,1
0.501,0.2973,0.6101,0.7332,0.4999,Dim-Light,Daytime,1
0.8079,0.2301,0.2462,0.9461,0.657,Fluorescent,Daytime,0
0.7114,0.322,0.2512,0.8861,0.5672,Fluorescent,Daytime,0
0.7796,0.2565,0.3651,0.725,0.4242,Well-Lit,Overnight,1
0.7236,0.2728,0.24,0.9365,0.8561,Well-Lit,Overnight,0
0.6456,0.2845,0.1933,0.7212,0.7082,Fluorescent,Overnight,1
0.7985,0.3115,0.1823,0.9809,0.747,Well-Lit,Daytime,0
0.6144,0.4646,0.2095,0.9154,0.8886,Well-Lit,Daytime,0
0.7531,0.3492,0.1518,0.943,0.7218,Fluorescent,Daytime,0
0.7346,0.3121,0.1814,1.0585,0.6607,Well-Lit,Evening,0
0.7995,0.354,0.2289,0.9817,0.4723,Well-Lit,Daytime,0
0.9619,0.3114,0.2395,1.0232,0.7298,Fluorescent,Daytime,0
0.679,0.3986,0.2554,0.9603,0.747,Well-Lit,Overnight,0
0.794,0.339,0.2489,1.0465,0.6855,Fluorescent,Daytime,0
0.3954,0.2186,0.2461,0.9355,0.3918,Well-Lit,Overnight,1
0.867,0.3591,0.1994,1.0477,0.8819,Dim-Light,Daytime,0
0.7813,0.4628,0.3329,0.891,0.7759,Well-Lit,Daytime,0
0.5144,0.2095,0.4556,0.7789,0.4207,Fluorescent,Evening,1
0.8679,0.252,0.1823,0.9675,0.6793,Fluorescent,Overnight,0
0.5654,0.2558,0.5235,0.8211,0.5403,Fluorescent,Overnight,1
0.2643,0.1973,0.1986,0.7043,0.4475,Fluorescent,Daytime,1
0.7089,0.3081,0.1977,1.0147,0.9144,Well-Lit,Daytime,0
0.9303,0.2905,0.3622,0.9868,0.9954,Well-Lit,Daytime,0
0.4356,0.3177,0.2533,0.9596,0.6047,Fluorescent,Evening,0
0.2725,0.237,0.4567,0.8173,0.5124,Dim-Light,Evening,1
0.5157,0.2181,0.562,0.7737,0.3152,Fluorescent,Evening,1
0.4491,0.2003,0.6247,0.8374,0.6573,Fluorescent,Overnight,1
0.8397,0.3647,0.1946,1.1097,0.7282,Well-Lit,Overnight,0
0.5824,0.1581,0.3742,0.7985,0.4396,Fluorescent,Overnight,1
0.5653,0.2114,0.2424,1.004,0.5036,Dim-Light,Overnight,1
0.5457,0.32,0.2746,0.9831,0.7189,Fluorescent,Daytime,0
0.8641,0.3699,0.2063,0.8774,0.812,Well-Lit,Daytime,0
0.8261,0.2821,0.1492,1.0288,0.7246,Well-Lit,Daytime,0
0.3167,0.2519,0.3956,0.8163,0.4086,Fluorescent,Overnight,1
0.5784,0.3158,0.2212,0.7825,0.6509,Fluorescent,Daytime,0
0.7641,0.3064,0.1508,1.0028,0.838,Fluorescent,Evening,0
0.6098,0.3567,0.1924,0.8234,0.6017,Dim-Light,Evening,0
0.4808,0.1893,0.5038,0.7187,0.5586,Dim-Light,Overnight,1
0.7054,0.298,0.2376,0.9549,0.8066,Well-Lit,Daytime,0
0.7986,0.3686,0.2801,0.9872,0.4585,Fluorescent,Daytime,0
0.3988,0.2397,0.4395,0.7977,0.3305,Well-Lit,Overnight,1
0.5722,0.1329,0.1,0.835,0.7064,Dim-Light,Evening,1
0.9346,0.4105,0.1673,1.0223,0.9213,Fluorescent,Overnight,0
0.7029,0.3483,0.1119,0.7877,0.5877,Well-Lit,Daytime,0
0.4458,0.2649,0.3484,0.9014,0.2263,Well-Lit,Overnight,1
0.6231,0.3705,0.2226,0.8815,0.5723,Fluorescent,Daytime,0
0.4874,0.1984,0.2037,1.0639,0.5384,Dim-Light,Overnight,1
0.6883,0.3512,0.2863,1.0098,0.6496,Dim-Light,Daytime,0
0.8304,0.362,0.2115,1.0745,0.5517,Dim-Light,Evening,0
0.4433,0.1427,0.382,0.823,0.5203,Dim-Light,Evening,1
0.7637,0.4235,0.2082,0.9882,1.0,Well-Lit,Daytime,0
0.4264,0.2409,0.3729,0.8402,0.2696,Fluorescent,Evening,1
0.3353,0.2268,0.7734,0.7546,0.359,Dim-Light,Overnight,1
0.4754,0.2245,0.3148,0.926,0.4684,Fluorescent,Daytime,1
0.4036,0.2995,0.5486,0.7787,0.4783,Dim-Light,Evening,1
0.7141,0.3139,0.2882,0.929,0.7719,Fluorescent,Evening,0
0.653,0.3383,0.2514,1.0312,0.6758,Well-Lit,Daytime,0
0.4516,0.2727,0.5994,1.0407,0.6243,Dim-Light,Daytime,1
0.9273,0.2898,0.1792,0.8386,0.4443,Well-Lit,Evening,0
0.6258,0.3069,0.3869,0.9619,0.6511,Well-Lit,Daytime,0
0.455,0.266,0.1424,0.7794,0.4859,Fluorescent,Overnight,1
0.6167,0.4428,0.1496,0.9507,0.7095,Well-Lit,Daytime,0
0.5055,0.2553,0.5166,0.9147,0.4602,Dim-Light,Evening,1
0.3444,0.1743,0.5252,0.9753,0.4227,Dim-Light,Overnight,1
0.9454,0.2909,0.2427,0.9975,0.7746,Fluorescent,Evening,0
0.5463,0.2334,0.134,0.8342,0.2039,Dim-Light,Overnight,1
0.7205,0.3217,0.2188,1.0007,0.5946,Fluorescent,Daytime,0
0.5599,0.2036,0.3712,0.7393,0.5538,Dim-Light,Overnight,1
0.374,0.1507,0.4689,0.7502,0.5121,Well-Lit,Overnight,1
0.4305,0.1882,0.2872,0.9546,0.5336,Dim-Light,Overnight,1
0.696,0.4221,0.2246,0.9074,0.7567,Well-Lit,Daytime,0
0.4073,0.2715,0.6184,0.8535,0.79,Dim-Light,Daytime,1
0.4805,0.1984,0.4285,0.9949,0.5381,Well-Lit,Evening,1
0.4504,0.1363,0.3699,0.738,0.5812,Dim-Light,Evening,1
0.7306,0.411,0.2059,1.057,0.6052,Well-Lit,Daytime,0
0.9295,0.3492,0.2602,0.9755,0.646,Fluorescent,Evening,0
0.6063,0.2585,0.5776,0.8125,0.4942,Fluorescent,Evening,1
0.8353,0.3645,0.2085,0.8288,0.8658,Fluorescent,Daytime,0
0.4834,0.2292,0.2258,0.7802,0.7004,Dim-Light,Overnight,1
0.476,0.2041,0.4263,0.7992,0.5946,Dim-Light,Daytime,0
0.6172,0.4123,0.1088,0.9784,0.6879,Dim-Light,Evening,0
0.8295,0.2566,0.2258,0.8859,0.7039,Well-Lit,Evening,0
0.4199,0.2248,0.1,0.9798,0.6166,Fluorescent,Daytime,1
0.605,0.2044,0.584,0.6925,0.5106,Dim-Light,Overnight,0
0.6706,0.329,0.2775,0.962,0.724,Well-Lit,Daytime,0
0.5565,0.3074,0.2608,0.8495,0.7904,Fluorescent,Evening,0
0.8438,0.3724,0.2514,0.844,0.7611,Fluorescent,Daytime,0
0.4213,0.2953,0.5652,0.8455,0.6501,Dim-Light,Overnight,1
0.8651,0.2828,0.269,1.0728,0.9349,Fluorescent,Daytime,0
0.5395,0.1913,0.4591,0.8143,0.5675,Dim-Light,Evening,1
0.8871,0.3729,0.2087,0.8707,0.8363,Dim-Light,Daytime,0
0.4294,0.281,0.273,0.9926,0.4128,Fluorescent,Overnight,1
0.5987,0.41,0.1,1.0056,0.7784,Dim-Light,Evening,0
0.45,0.2087,0.4962,0.8853,,Dim-Light,Evening,1
0.3519,0.3234,0.2979,0.9069,0.493,Well-Lit,Evening,1
0.138,0.3194,0.3393,0.7284,0.3431,Fluorescent,Overnight,1
0.8151,0.375,0.3039,0.9759,0.6388,Fluorescent,Daytime,0
0.6229,0.4082,0.2274,1.0663,0.6462,Well-Lit,Daytime,0
0.452,0.3652,0.4959,0.7255,0.5056,Fluorescent,Overnight,1
0.5002,0.4045,0.2143,1.0508,0.7551,Well-Lit,Daytime,0
0.6919,0.3597,0.2987,0.894,0.7193,Fluorescent,Daytime,0
0.79,0.3995,0.1731,0.8666,0.5077,Well-Lit,Daytime,0
0.6808,0.3751,0.2293,0.9918,0.7181,Fluorescent,Daytime,0
0.529,0.155,0.2933,0.7484,0.7366,Dim-Light,Overnight,1
0.5261,0.3065,0.2114,1.065,0.4542,Fluorescent,Evening,1
0.6981,0.3395,0.2737,0.8934,0.716,Fluorescent,Daytime,0
0.6117,0.2062,0.4698,0.7977,0.5442,Dim-Light,Evening,1
0.48,0.2354,0.4204,0.8068,0.4272,Dim-Light,Overnight,1
0.9858,0.2778,0.2273,0.8945,0.9204,Well-Lit,Daytime,0
0.8392,0.3407,0.2209,1.119,0.4678,Well-Lit,Daytime,0
0.4798,0.1895,0.3621,0.8585,0.4307,Dim-Light,Daytime,1
0.7812,0.4091,0.1769,0.9533,0.7562,Well-Lit,Daytime,0
0.9791,0.3817,0.2228,1.0858,0.6184,Well-Lit,Daytime,0
0.314,0.3546,0.1,0.8359,0.4055,Fluorescent,Evening,1
0.8717,0.4031,0.2643,1.15,0.5248,Well-Lit,Daytime,0
0.5708,0.2314,0.4962,0.647,0.6428,Fluorescent,Overnight,1
0.6326,0.3214,0.2695,1.0618,0.5923,Well-Lit,Evening,0
0.6808,0.2324,0.1415,0.9745,0.6792,Well-Lit,Daytime,0
0.9244,0.3589,0.3061,0.955,0.6348,Well-Lit,Evening,0
0.2387,0.2206,0.2822,0.9912,0.577,Dim-Light,Overnight,1
0.5999,0.3693,0.231,0.7207,0.7432,Fluorescent,Daytime,0
0.6875,0.1971,0.5525,0.9755,0.338,Well-Lit,Overnight,1
0.4408,0.2643,0.4467,0.7087,0.5562,Dim-Light,Overnight,1
0.3903,0.1926,0.4673,0.9012,0.5011,Dim-Light,Overnight,1
0.4961,0.2002,0.4222,0.8627,0.1899,Well-Lit,Evening,1
0.5632,0.3038,0.3841,0.7789,0.3839,Dim-Light,Daytime,1
0.8421,0.3492,0.2778,0.9263,0.4989,Well-Lit,Evening,0
0.3807,0.3271,0.4974,0.9143,0.2835,Dim-Light,Evening,1
0.9305,0.3534,0.1671,1.0135,0.7768,Well-Lit,Evening,0
0.3697,0.2252,0.454,0.8796,0.6244,Dim-Light,Overnight,1
0.7154,0.2873,0.2175,0.7836,0.4233,Well-Lit,Evening,0
0.596,0.1998,0.3133,0.7441,0.2854,Fluorescent,Evening,1
0.8067,0.3866,0.2665,0.8832,0.6841,Well-Lit,Daytime,0
0.8254,0.3825,0.2309,1.1007,0.8085,Well-Lit,Daytime,0
0.548,0.242,0.2537,0.9927,0.4455,Dim-Light,Overnight,1
0.4696,0.2917,0.5688,0.8739,0.3791,Dim-Light,Overnight,1
0.5294,0.2909,0.3365,0.8164,0.7895,Fluorescent,Overnight,1
0.8033,0.3925,0.3106,0.8519,0.8543,Fluorescent,Overnight,0
0.4744,0.1941,0.2609,0.8429,0.6598,Dim-Light,Evening,1
0.9241,0.3719,0.2146,0.9667,,Fluorescent,Daytime,0
0.3058,0.1547,0.4454,0.7837,0.5894,Well-Lit,Overnight,1
0.5352,0.2065,0.4082,0.8314,0.3849,Dim-Light,Evening,1
0.5571,0.3933,0.226,0.8403,0.6871,Fluorescent,Daytime,0
0.5334,0.3471,0.2392,0.9372,0.5474,Well-Lit,Evening,0
0.3653,0.2117,0.2828,0.9075,0.5139,Dim-Light,Evening,1
0.5178,0.1143,0.3928,0.7368,0.4996,Dim-Light,Overnight,1
0.448,0.2092,0.5959,0.8623,0.6238,Dim-Light,Daytime,1
0.4847,0.1715,0.2772,0.7614,0.3304,Dim-Light,Overnight,1
0.7961,0.3453,0.2454,0.8787,0.7189,Well-Lit,Daytime,0
0.5506,0.3324,0.1813,0.908,0.9415,Well-Lit,Evening,1
0.5662,0.1911,0.2742,0.896,0.4512,Dim-Light,Overnight,1
0.7577,0.3174,0.2032,0.9415,0.5899,Dim-Light,Daytime,0
0.4612,0.2405,0.3363,0.7541,0.1383,Fluorescent,Overnight,1
0.6642,0.2608,0.2484,0.8529,0.8013,Dim-Light,Daytime,0
0.5969,0.1719,0.2603,0.7514,0.3258,Dim-Light,Evening,1
0.4215,0.2256,0.6677,0.8349,0.3878,Dim-Light,Overnight,1
0.8645,0.3498,0.1214,0.9986,0.9167,Well-Lit,Daytime,0
0.3242,0.2368,0.2036,0.546,0.5453,Dim-Light,Overnight,1
0.5115,0.3259,0.1895,1.0279,0.6677,Well-Lit,Overnight,0
0.8126,0.4003,0.2894,0.9766,0.6856,Well-Lit,Daytime,0
0.5434,0.2013,0.4984,0.7635,0.5133,Dim-Light,Overnight,1
0.6621,0.2981,0.149,0.7774,0.6668,Dim-Light,Evening,1
0.481,0.1686,0.2768,0.8216,0.5416,Dim-Light,Overnight,1
0.5012,0.3936,0.2262,1.0196,0.8134,Well-Lit,Daytime,0
0.2429,0.2968,0.339,0.6914,0.4625,Dim-Light,Evening,1
0.7006,0.2951,0.189,0.8179,0.6958,Well-Lit,Evening,0
0.6154,0.1518,0.2753,0.7444,0.4743,Dim-Light,Evening,1
0.8068,0.3922,0.2815,0.9561,0.8943,Well-Lit,Evening,0
0.6035,0.2551,0.4081,0.8279,0.5929,Fluorescent,Overnight,1
0.5437,0.1567,0.4929,0.7621,0.6071,Dim-Light,Evening,1
0.7644,0.3891,0.1703,0.9737,0.6711,Fluorescent,Overnight,0
0.7617,0.3501,0.1755,0.9966,0.7521,Fluorescent,Daytime,0
0.6463,0.361,0.1891,0.8993,0.6921,Fluorescent,Evening,0
0.5863,0.2831,0.6371,0.7542,0.6138,Fluorescent,Overnight,1
0.6719,0.4014,0.1353,0.9541,0.6348,Fluorescent,Daytime,0
0.391,0.2358,0.4825,0.9397,0.1716,Well-Lit,Evening,1
0.5811,0.2401,0.1867,0.9769,0.9068,Well-Lit,Daytime,0
0.791,0.3995,0.1895,0.9753,0.5939,Well-Lit,Evening,0
0.8096,0.2938,0.2689,0.9498,0.452,Fluorescent,Daytime,0
0.8123,0.3305,0.2233,1.0121,0.5501,Well-Lit,Daytime,0
0.5667,0.1082,0.3969,0.7194,0.3566,Dim-Light,Overnight,1
0.575,0.2291,0.3907,0.6474,0.7114,Dim-Light,Overnight,1
0.3981,0.1837,0.3332,0.8143,0.6837,Dim-Light,Overnight,1
0.7201,0.3335,0.2106,0.9603,0.533,Fluorescent,Evening,0
0.6519,0.3091,0.1544,0.793,0.5825,Dim-Light,Evening,1
0.7129,0.3161,0.1898,0.9453,0.7266,Fluorescent,Daytime,0
0.7588,0.4181,0.3075,1.0711,0.7481,Well-Lit,Daytime,0
0.5286,0.2118,0.5833,0.8419,0.4755,Dim-Light,Overnight,1
0.5744,0.219,0.3246,0.7703,0.6054,Well-Lit,Overnight,1
0.3976,0.1572,0.1722,0.8555,0.5123,Dim-Light,Overnight,1
0.7407,0.3466,0.2104,0.9416,0.5288,Well-Lit,Evening,0
0.7425,0.3463,0.1413,0.9909,0.6379,Well-Lit,Daytime,0
1.0,0.4297,0.284,1.0759,0.7962,Fluorescent,Evening,0
0.4879,0.2212,0.2223,0.7862,0.5055,Dim-Light,Overnight,1
0.8266,0.3467,0.2704,1.03,0.8947,Well-Lit,Daytime,0
0.4128,0.2122,0.3942,0.8139,0.4884,Dim-Light,Overnight,1
0.7979,0.2975,0.2074,0.8755,,Well-Lit,Daytime,0
0.7616,0.3375,0.1764,1.0159,0.4637,Fluorescent,Daytime,0
0.4573,0.2849,0.1292,0.7881,0.5096,Fluorescent,Daytime,1
0.6471,0.4341,0.2288,0.8784,0.7679,Fluorescent,Daytime,0
0.6092,0.2247,0.3483,0.7823,0.5905,Dim-Light,Evening,1
0.3697,0.3096,0.3906,0.7569,0.2309,Fluorescent,Evening,1
0.4446,0.2787,0.2345,0.8453,0.4742,Well-Lit,Evening,1
0.7899,0.3911,0.1399,0.9971,0.6285,Fluorescent,Daytime,0
0.8601,0.3862,0.2639,1.0375,0.7388,Well-Lit,Daytime,0
0.6726,0.3933,0.2035,0.872,0.7901,Fluorescent,Daytime,0
0.1988,0.1998,0.1,1.1006,0.4085,Dim-Light,Evening,1
0.7582,0.3135,0.1877,0.8834,0.6951,Well-Lit,Evening,0
0.6505,0.3087,0.3251,0.8331,0.744,Fluorescent,Daytime,0
0.6291,0.2553,0.4645,0.7367,0.3843,Fluorescent,Overnight,1
0.889,0.2622,0.1755,1.0771,0.6997,Well-Lit,Daytime,1
0.5001,0.2677,0.5894,0.7959,0.3938,Dim-Light,Evening,1
0.6472,0.1453,0.2415,0.6292,0.3367,Dim-Light,Evening,1
0.5841,0.2622,0.1928,0.9436,0.6536,Well-Lit,Evening,0
0.4032,0.2469,0.6442,0.7821,0.4491,Fluorescent,Overnight,1
0.2366,0.2995,0.4614,0.9151,0.4559,Fluorescent,Overnight,1
0.8328,0.3475,0.2952,1.0079,0.6078,Well-Lit,Daytime,0
0.8147,0.2788,0.2835,0.9363,0.9516,Well-Lit,Daytime,0
0.3402,0.2247,0.1087,0.8411,0.2389,Fluorescent,Evening,1
0.7996,0.327,0.2283,0.896,0.7654,Well-Lit,Daytime,0
0.9606,0.3541,0.2674,1.0066,0.69,Well-Lit,Evening,0
0.8656,0.3352,0.2948,1.0414,0.5499,Dim-Light,Daytime,0
0.6779,0.3363,0.2056,1.0133,0.6337,Fluorescent,Daytime,0
0.8101,0.3344,0.2168,0.9573,0.5966,Well-Lit,Daytime,0
0.6005,0.335,0.1627,1.0152,0.6197,Well-Lit,Daytime,0
0.5671,0.2319,0.5549,0.8543,0.5169,Fluorescent,Evening,1
0.3328,0.178,0.18,0.8296,0.5694,Fluorescent,Overnight,1
0.5375,0.2,0.3998,0.8888,0.4576,Dim-Light,Evening,1
0.7951,0.1992,0.5714,0.8254,0.5794,Dim-Light,Evening,1
0.6596,0.3497,0.2573,0.8539,0.6459,Well-Lit,Daytime,0
0.9776,0.3493,0.2048,0.9872,0.7205,Well-Lit,Evening,0
0.7177,0.3993,0.231,0.9144,0.7578,Fluorescent,Daytime,0
0.7909,0.305,0.1839,0.9565,0.8009,Well-Lit,Daytime,0
0.7619,0.3032,0.2618,0.9187,0.8663,Well-Lit,Daytime,0
0.2734,0.2014,0.6528,0.7875,0.5318,Fluorescent,Overnight,1
0.6582,0.274,0.5913,0.6994,0.5146,Fluorescent,Overnight,1
0.481,0.1748,0.3622,1.0332,0.406,Fluorescent,Overnight,1
0.9276,0.3298,0.2677,0.9971,0.6723,Well-Lit,Daytime,0
0.4609,0.1845,0.3945,0.6482,0.478,Dim-Light,Overnight,1
0.9378,0.3219,0.1622,1.094,0.9121,Well-Lit,Daytime,0
0.4533,0.2569,0.5077,0.9477,0.555,Well-Lit,Overnight,1
0.648,0.3249,0.2226,1.0901,0.5806,Well-Lit,Daytime,0
0.6863,0.3549,0.2408,0.7765,0.6635,Dim-Light,Evening,1
0.7471,0.4151,0.2141,0.8696,0.4288,Well-Lit,Daytime,0
0.4711,0.1809,0.2934,0.8548,0.4641,Fluorescent,Overnight,1
1.0,0.3398,0.27,0.916,0.5335,Well-Lit,Daytime,0
0.799,0.4263,0.1315,1.0186,0.4376,Well-Lit,Daytime,0
0.7122,0.3355,0.2032,1.0295,0.7956,Well-Lit,Evening,0
0.889,0.3525,0.1239,0.8702,0.6403,Well-Lit,Daytime,0
0.6225,0.3155,0.1978,0.9875,0.4749,Well-Lit,Evening,0
0.3691,0.1317,0.5154,0.6863,0.359,Well-Lit,Overnight,1
0.8324,0.382,0.2669,0.8971,0.8782,Well-Lit,Daytime,0
0.4183,0.1858,0.4077,0.7854,0.6431,Fluorescent,Daytime,1
0.522,0.1609,0.3916,0.938,0.318,Dim-Light,Evening,1
0.8357,0.3149,0.2894,0.9304,0.873,Well-Lit,Daytime,0
0.7706,0.3504,0.3186,1.0383,0.7204,Well-Lit,Daytime,0
0.6203,0.3491,0.3312,1.0112,0.8584,Fluorescent,Daytime,0
0.7809,0.3124,0.2462,0.8179,0.7586,Fluorescent,Daytime,0
0.5906,0.3365,0.1715,0.9122,0.5748,Well-Lit,Daytime,0
0.5255,0.3095,0.3011,0.9915,0.7292,Fluorescent,Evening,0
0.5103,0.2926,0.4337,0.7815,0.4039,Fluorescent,Evening,1
0.3877,0.1762,0.5351,0.7663,0.6759,Dim-Light,Overnight,1
0.4481,0.2177,0.6454,0.8974,0.2704,Well-Lit,Overnight,1
0.7744,0.469,0.2731,0.8896,0.6917,Well-Lit,Evening,0
0.6863,0.2982,0.2203,0.9126,0.6409,Fluorescent,Evening,0
0.4303,0.2852,0.3576,0.7795,0.4947,Dim-Light,Overnight,1
0.3934,0.1951,0.7312,0.7778,0.5275,Dim-Light,Overnight,1
0.6847,0.3711,0.2114,0.873,0.4569,Well-Lit,Daytime,0
0.5964,0.2732,0.2598,0.7247,0.3813,Dim-Light,Overnight,1
0.6472,0.2711,0.5533,0.8347,0.5596,Fluorescent,Overnight,1
0.7934,0.3441,0.1519,0.9153,0.7293,Well-Lit,Daytime,0
0.3118,0.2889,0.3607,0.8611,0.4047,Well-Lit,Overnight,1
0.4622,0.2939,0.2178,0.8024,0.5515,Fluorescent,Overnight,1
0.7769,0.4602,0.2816,0.9013,0.6316,Well-Lit,Daytime,0
0.6915,0.2795,0.2407,0.9239,0.5216,Well-Lit,Daytime,0
0.4625,0.3244,0.3513,0.6654,0.1461,Dim-Light,Daytime,1
0.4166,0.2192,0.4823,0.8838,0.6573,Fluorescent,Overnight,1
0.6869,0.3627,0.2004,0.9849,0.8335,Well-Lit,Evening,0
0.8735,0.3512,0.1694,0.8276,0.8031,Well-Lit,Daytime,0
0.768,0.3597,0.2267,0.9144,1.0,Well-Lit,Daytime,0
0.4876,0.3008,0.4408,0.9383,0.4804,Well-Lit,Overnight,1
0.6864,0.3424,0.2002,0.9799,0.3192,Well-Lit,Overnight,0
0.7197,0.4268,0.2177,0.95,0.7865,Fluorescent,Evening,0
0.8486,0.4127,0.2282,1.0135,0.9363,Dim-Light,Daytime,0
0.5943,0.2392,0.6232,0.8418,0.2758,Dim-Light,Overnight,1
0.7555,0.2917,0.229,1.1194,0.5608,Well-Lit,Evening,0
0.5935,0.2604,0.2611,0.9867,0.7904,Fluorescent,Daytime,0
0.6937,0.3408,0.2115,0.8972,0.5198,Well-Lit,Daytime,0
0.7433,0.369,0.2219,0.9987,0.7145,Dim-Light,Evening,0
0.7516,0.3121,0.2909,1.0058,0.5093,Well-Lit,Evening,0
0.641,0.3087,0.1788,0.9197,0.6413,Well-Lit,Daytime,0
0.5669,0.2785,0.3223,0.6695,0.586,Dim-Light,Evening,1
0.373,0.2119,0.6868,0.9002,0.4473,Fluorescent,Overnight,1
0.7792,0.3381,0.1359,0.9234,0.6685,Well-Lit,Daytime,0
0.4472,0.2317,0.6008,0.7137,0.3698,Dim-Light,Overnight,1
0.4457,0.1975,0.4814,0.9209,0.4917,Fluorescent,Overnight,1
0.6888,0.2658,0.2262,0.8722,0.849,Dim-Light,Daytime,0
0.7277,0.318,0.1926,1.1036,0.6567,Well-Lit,Daytime,0
0.4478,0.2449,0.1549,0.7637,0.2781,Well-Lit,Overnight,1
0.642,0.2355,0.372,0.9152,0.6035,Fluorescent,Overnight,1
0.4987,0.2182,0.3457,0.743,0.6393,Fluorescent,Overnight,1
0.7584,0.3707,0.2085,1.1245,0.7103,Well-Lit,Daytime,0
0.7751,0.3817,0.2557,1.0227,0.6555,Well-Lit,Daytime,0
0.7461,0.3628,0.2549,0.9015,0.7485,Dim-Light,Daytime,0
0.6154,0.2755,0.4435,0.9136,0.4347,Dim-Light,Evening,1
0.6248,0.254,0.1026,0.714,0.1698,Well-Lit,Daytime,1
0.4425,0.2841,0.2689,0.8328,0.713,Dim-Light,Evening,1
0.9499,0.2637,0.2096,0.8696,0.6518,Fluorescent,Evening,0
0.8528,0.3836,0.2063,1.0705,0.7926,Well-Lit,Daytime,0
0.3772,0.2004,0.4377,0.929,0.4071,Dim-Light,Daytime,1
0.7372,0.3049,0.1232,0.9716,0.8415,Fluorescent,Daytime,0
0.6567,0.2417,0.3345,0.9802,0.7095,Well-Lit,Daytime,0
0.6126,0.1824,0.312,0.8483,0.5652,Dim-Light,Overnight,1
0.4717,0.2208,0.2422,0.7283,0.5097,Well-Lit,Overnight,1
0.6852,0.2956,0.1367,1.0035,0.544,Fluorescent,Daytime,0
0.5659,0.2705,0.2619,1.0078,0.9589,Dim-Light,Daytime,0
0.4636,0.2483,0.4534,0.7634,0.7894,Well-Lit,Overnight,1
0.7631,0.3386,0.2186,0.8929,0.5718,Well-Lit,Daytime,0
0.7269,0.3094,0.221,0.9097,0.7506,Fluorescent,Daytime,0
0.7639,0.3682,0.199,0.8614,0.727,Fluorescent,Evening,0
0.5961,0.2667,0.3583,0.8687,0.5387,Dim-Light,Overnight,1
0.3843,0.2125,0.3942,0.895,0.5285,Fluorescent,Overnight,1
0.7996,0.3112,0.1705,1.0574,0.8017,Dim-Light,Daytime,0
0.4749,0.155,0.4495,0.869,0.3724,Fluorescent,Overnight,1
0.8116,0.3293,0.2343,0.9072,0.7187,Well-Lit,Daytime,0
0.4902,0.2403,0.1,0.8365,0.7769,Fluorescent,Daytime,1
0.5402,0.2051,0.3239,0.7675,0.411,Fluorescent,Overnight,1
0.5868,0.1309,0.1,0.5635,0.1287,Dim-Light,Evening,1
0.6538,0.3712,0.4193,0.8743,0.6605,Fluorescent,Overnight,1
0.6449,0.3517,0.2218,0.9909,0.6762,Well-Lit,Daytime,0
0.6941,0.3461,0.2203,0.9923,0.8724,Well-Lit,Daytime,0
0.5444,0.2852,0.2171,0.9304,0.7657,Fluorescent,Daytime,0
1.0,0.3158,0.2341,0.9266,0.497,Dim-Light,Daytime,0
0.7067,0.3731,0.1501,1.0397,0.7693,Fluorescent,Daytime,0
0.3593,0.2662,0.3486,0.9175,0.6693,Dim-Light,Overnight,1
0.2947,0.2996,0.4782,0.8372,0.1642,Well-Lit,Overnight,1
0.8033,0.3767,0.2594,0.9286,0.6803,Fluorescent,Daytime,0
0.3744,0.2218,0.3895,0.8413,0.4009,Dim-Light,Overnight,1
0.8288,0.4482,0.287,0.8681,0.7407,Dim-Light,Daytime,0
0.4434,0.2642,0.499,0.9585,0.4926,Well-Lit,Evening,1
0.3494,0.1864,0.4359,0.7848,0.419,Fluorescent,Overnight,1
0.6651,0.3718,0.2776,1.0596,0.6074,Well-Lit,Overnight,0
0.7324,0.3615,0.2481,0.9099,0.5255,Well-Lit,Daytime,0
0.6837,0.2078,0.2909,0.8778,0.2533,Well-Lit,Overnight,1
0.4781,0.3327,0.3593,0.6987,0.528,Dim-Light,Evening,1
0.8406,0.2693,0.2203,1.0256,0.7618,Well-Lit,Overnight,0
0.2158,0.2521,0.4201,0.8465,0.2943,Dim-Light,Overnight,1
0.5977,0.1666,0.4707,0.7945,0.6894,Dim-Light,Overnight,1
0.6028,0.183,0.5347,0.8074,0.3441,Fluorescent,Overnight,1
0.1851,0.2129,0.1,0.7877,0.6684,Well-Lit,Overnight,1
0.2788,0.2836,0.5221,0.9114,0.8244,Dim-Light,Evening,1
0.8152,0.3705,0.2439,0.9003,0.3759,Fluorescent,Evening,0
0.7581,0.3716,0.2187,0.9059,0.6465,Fluorescent,Evening,0
0.7478,0.3706,0.2996,0.9116,0.7102,Fluorescent,Daytime,0
0.2945,0.1585,0.1426,0.9128,0.5731,Fluorescent,Daytime,1
0.6513,0.3364,0.2236,1.059,0.7918,Well-Lit,Overnight,1
0.5053,0.4096,0.2548,0.9358,0.875,Well-Lit,Overnight,0
0.914,0.3607,0.2397,1.0785,0.5621,Fluorescent,Evening,0
0.7216,0.43,0.2395,0.963,0.6318,Fluorescent,Daytime,0
0.4877,0.224,0.4343,0.8852,0.6393,Dim-Light,Overnight,1
0.5491,0.1892,0.3579,0.6754,0.5934,Well-Lit,Evening,1
0.412,0.1902,0.4375,0.6919,0.5216,Dim-Light,Daytime,1
0.5088,0.2237,0.4139,0.8149,0.6405,Fluorescent,Overnight,1
0.7107,0.3591,0.2752,0.9179,0.7545,Well-Lit,Evening,0
0.4538,0.289,0.3086,0.8382,0.586,Fluorescent,Overnight,1
0.4567,0.2569,0.1605,0.7962,0.5098,Well-Lit,Overnight,1
0.5054,0.24,0.4416,0.8395,0.4535,Dim-Light,Daytime,1
0.7891,0.3136,0.2513,0.9668,0.6257,Well-Lit,Evening,0
0.4045,0.2699,0.2245,0.8904,0.7244,Dim-Light,Evening,1
0.7779,0.4039,0.2123,0.9383,0.6513,Well-Lit,Daytime,0
0.4479,0.256,0.5889,0.9673,0.5469,Fluorescent,Evening,1
0.8277,0.2912,0.1891,0.8439,0.6462,Well-Lit,Daytime,0
0.5354,0.3249,0.4174,0.9239,0.4267,Well-Lit,Overnight,1
0.7906,0.4165,0.23,0.8237,0.9762,Well-Lit,Evening,0
0.581,0.4701,0.1653,1.0817,0.5912,Dim-Light,Evening,0
0.4251,0.3276,0.3986,0.9588,0.5837,Fluorescent,Overnight,1
0.6202,0.3123,0.2558,0.9874,0.7864,Fluorescent,Daytime,0
0.6995,0.3637,0.2397,0.916,0.5311,Well-Lit,Evening,0
0.4595,0.3161,0.3559,0.6153,0.5703,Dim-Light,Daytime,1
0.7213,0.3669,0.1915,1.0316,0.9226,Fluorescent,Evening,0
0.6988,0.3097,0.2596,0.9966,0.7967,Fluorescent,Overnight,0
0.6804,0.1587,0.4958,0.7724,0.3394,Dim-Light,Evening,1
0.5529,0.2221,0.5222,0.7277,0.5133,Dim-Light,Overnight,1
0.4286,0.2344,0.3467,1.0331,0.3917,Fluorescent,Evening,1
0.7458,0.3543,0.2449,0.9171,0.6747,Well-Lit,Evening,0
0.5291,0.3124,0.2353,1.0813,0.6071,Fluorescent,Daytime,0
0.4,0.1985,0.2927,0.831,0.3321,Dim-Light,Overnight,1
0.4149,0.2277,0.5718,0.8503,0.4754,Fluorescent,Overnight,1
0.8402,0.4405,0.2874,1.0589,0.9152,Fluorescent,Daytime,0
0.7517,0.2689,0.2112,0.9267,0.7009,Well-Lit,Daytime,0
0.5514,0.355,0.2013,0.92,0.7347,Fluorescent,Evening,0
0.6572,0.3925,0.2095,1.0765,0.717,Dim-Light,Daytime,0
0.6972,0.324,0.2362,0.9416,0.7301,Well-Lit,Daytime,0
0.7571,0.3022,0.1992,1.02,0.7473,Well-Lit,Daytime,0
0.4962,0.1401,0.1618,0.8978,0.2027,Dim-Light,Overnight,1
0.4551,0.231,0.5341,0.7432,0.7095,Dim-Light,Evening,1
0.7541,0.2247,0.2669,0.9168,0.2626,Dim-Light,Overnight,1
0.6947,0.338,0.1801,0.9935,0.8507,Fluorescent,Daytime,0
0.4672,0.1479,0.4752,0.8801,0.4266,Dim-Light,Overnight,1
0.2003,0.2257,0.3118,0.8288,0.6029,Dim-Light,Daytime,1
0.2003,0.3849,0.1789,0.7458,0.3919,Dim-Light,Daytime,1
0.3753,0.1776,0.5262,0.9092,0.5423,Fluorescent,Evening,1
0.7219,0.2925,0.2215,0.8598,0.7724,Well-Lit,Daytime,0
0.7219,0.2925,0.2215,0.8598,0.7724,Well-Lit,Daytime,0
0.3406,0.2341,0.4174,0.9126,0.3702,Fluorescent,Daytime,1
0.5794,0.1197,0.5088,0.8313,0.4372,Well-Lit,Overnight,1
0.6271,0.3055,0.1499,0.9396,0.8525,Well-Lit,Evening,0
0.3524,0.187,0.359,0.7626,0.3553,Dim-Light,Overnight,1
0.4225,0.1705,0.5117,0.8266,0.4885,Well-Lit,Overnight,1
0.7393,0.356,0.2128,0.9492,0.9065,Dim-Light,Overnight,0
0.4161,0.2622,0.4517,0.7179,0.5168,Well-Lit,Overnight,1
0.2674,0.1691,0.4726,1.0112,0.424,Fluorescent,Overnight,1
0.5334,0.2134,0.4688,0.8784,0.6897,Fluorescent,Overnight,1
0.6254,0.2,0.3567,0.9521,0.4195,Dim-Light,Evening,1
0.7475,0.3125,0.1398,0.8905,0.8431,Fluorescent,Daytime,0
0.2101,0.2417,0.7542,0.9095,0.5617,Dim-Light,Overnight,1
0.8476,0.253,0.2748,0.9804,0.5681,Well-Lit,Evening,0
0.7856,0.2992,0.3595,0.9655,0.5834,Fluorescent,Daytime,0
0.8495,0.3432,0.1991,0.9558,0.5349,Well-Lit,Daytime,0
0.7889,0.3869,0.225,1.0442,0.5217,Well-Lit,Daytime,0
0.6877,0.2669,0.4612,0.7605,0.5265,Fluorescent,Overnight,1
0.7522,0.334,0.301,1.0611,0.7646,Fluorescent,Daytime,0
0.4271,0.1622,0.2082,0.907,0.5801,Well-Lit,Overnight,1
0.5241,0.2335,0.341,0.7232,0.6122,Well-Lit,Overnight,0
0.717,0.2806,0.2597,1.1163,0.6881,Dim-Light,Daytime,0
0.5397,0.2658,0.6515,0.827,0.3772,Dim-Light,Overnight,1
0.6172,0.3759,0.2415,0.9864,0.5927,Well-Lit,Evening,0
0.8985,0.2977,0.2152,1.0322,0.6474,Dim-Light,Daytime,0
0.744,0.3438,0.1919,0.8957,0.586,Dim-Light,Daytime,0
0.7616,0.3377,0.2234,0.9631,0.7255,Dim-Light,Daytime,0
0.5805,0.4306,0.3227,0.9535,0.7717,Dim-Light,Daytime,0
0.6033,0.3316,0.1194,1.0301,0.7784,Well-Lit,Daytime,0
0.6035,0.394,0.1503,0.997,0.7581,Fluorescent,Daytime,0
0.5492,0.1743,0.7,0.779,0.3934,Fluorescent,Evening,1
0.8747,0.2401,0.5655,0.8214,0.3631,Fluorescent,Evening,1
0.2746,0.2547,0.4077,0.925,0.638,Dim-Light,Evening,1
0.7329,0.4526,0.1737,1.0312,0.7164,Fluorescent,Daytime,0
0.2333,0.2479,0.3698,0.766,0.3329,Fluorescent,Overnight,1
0.7039,0.3654,0.2046,0.8563,0.5944,Well-Lit,Daytime,0
0.3022,0.248,0.5894,0.7827,0.5239,Fluorescent,Evening,1
0.3327,0.3296,0.4206,0.7697,0.1938,Dim-Light,Overnight,1
0.7099,0.3259,0.2419,1.0251,,Well-Lit,Daytime,0
0.5686,0.3066,0.6201,0.7317,0.5328,Dim-Light,Overnight,1
0.5125,0.2128,0.1891,0.6631,0.6693,Fluorescent,Overnight,1
0.8558,0.4214,0.2516,1.0283,0.4923,Well-Lit,Daytime,0
0.7852,0.3496,0.2469,1.0939,0.565,Well-Lit,Daytime,0
0.5797,0.2996,0.464,0.8556,0.5619,Fluorescent,Evening,1
0.2621,0.1882,0.513,0.7997,0.3469,Fluorescent,Overnight,1
0.6887,0.3295,0.2574,0.8872,0.5768,Dim-Light,Evening,0
0.8356,0.3541,0.3067,1.0778,0.5894,Well-Lit,Daytime,0
0.7078,0.3307,0.2763,0.8058,0.8175,Fluorescent,Evening,0
0.4565,0.1781,0.3822,0.7923,0.3733,Well-Lit,Overnight,1
0.7877,0.4285,0.2615,0.9856,0.3318,Fluorescent,Daytime,0
0.682,0.3512,0.2941,0.8539,0.8714,Well-Lit,Daytime,0
0.3242,0.1803,0.3149,0.7041,0.6428,Fluorescent,Overnight,1
0.7659,0.2265,0.436,0.7633,0.5454,Well-Lit,Daytime,1
0.5689,0.1849,0.4434,0.6458,0.5153,Fluorescent,Evening,1
0.6964,0.276,0.2593,1.1,0.6467,Well-Lit,Daytime,0
0.3428,0.2599,0.2173,0.8008,0.4429,Well-Lit,Overnight,0
0.458,0.2929,0.521,0.7996,0.5907,Well-Lit,Overnight,1
0.4258,0.2721,0.3261,0.8726,0.5513,Fluorescent,Overnight,1
0.5553,0.2168,0.215,0.7532,0.4754,Dim-Light,Evening,1
0.6571,0.3127,0.185,0.9026,0.5986,Well-Lit,Daytime,0
0.8251,0.3122,0.2502,1.0052,0.8272,Dim-Light,Evening,0
0.6828,0.3598,0.227,0.8096,0.5781,Well-Lit,Daytime,0
0.6255,0.3417,0.2287,0.9793,0.806,Fluorescent,Daytime,0
0.5082,0.2306,0.319,0.7557,0.5645,Dim-Light,Overnight,1
0.3808,0.2782,0.2905,0.868,0.3727,Fluorescent,Overnight,1
0.6871,0.3033,0.3421,0.7486,0.2893,Fluorescent,Evening,1
0.6327,0.2948,0.1298,0.9964,0.7552,Well-Lit,Daytime,0
0.5789,0.2103,0.2561,0.8928,0.3449,Well-Lit,Overnight,1
0.8192,0.3422,0.2862,1.0409,0.8271,Well-Lit,Evening,0
0.8069,0.3773,0.2959,1.0264,0.7142,Well-Lit,Evening,0
0.2753,0.1784,0.5443,0.7228,0.5292,Dim-Light,Overnight,1
0.6285,0.3383,0.3057,0.8177,0.5025,Well-Lit,Daytime,0
0.5676,0.1801,0.1805,0.7658,0.4557,Fluorescent,Overnight,1
0.8192,0.386,0.23,1.0059,0.7893,Dim-Light,Evening,1
0.7738,0.3239,0.2941,0.924,0.7209,Well-Lit,Daytime,0
0.3156,0.3246,0.5326,0.9193,0.5127,Well-Lit,Daytime,1
0.6951,0.3416,0.3027,0.8768,0.6125,Fluorescent,Overnight,1
0.3898,0.2147,0.5194,0.7475,0.469,Dim-Light,Overnight,1
0.4827,0.2461,0.4616,0.8557,0.5194,Dim-Light,Overnight,1
0.6218,0.2243,0.3567,0.8396,0.4428,Dim-Light,Overnight,1
0.6015,0.3724,0.268,0.8865,0.8139,Fluorescent,Evening,0
0.6155,0.2169,0.3324,0.96,0.4268,Fluorescent,Overnight,1
0.8807,0.2455,0.2843,1.0177,0.5716,Well-Lit,Daytime,0
0.6119,0.3036,0.3242,1.0143,0.7248,Fluorescent,Evening,0
0.5844,0.3288,0.2534,0.8372,0.5341,Well-Lit,Daytime,0
0.4897,0.2042,0.4829,0.9357,0.6922,Well-Lit,Daytime,0
0.8316,0.378,0.3219,1.0154,0.6949,Well-Lit,Daytime,0
0.5148,0.363,0.2034,0.9399,0.7222,Well-Lit,Daytime,0
0.5812,0.3696,0.2761,0.9476,0.5084,Dim-Light,Evening,0
0.5356,0.2363,0.4645,0.7425,0.5136,Well-Lit,Overnight,1
0.6809,0.4473,0.2867,0.9699,0.6716,Well-Lit,Evening,0
0.3259,0.3234,0.3064,0.9095,0.3925,Well-Lit,Overnight,1
0.6739,0.1657,0.1,0.8091,0.4491,Dim-Light,Evening,1
0.705,0.4204,0.2167,0.9416,,Well-Lit,Daytime,0
0.553,0.2864,0.4455,0.8373,0.4811,Well-Lit,Evening,1
0.5946,0.3023,0.1566,0.9906,0.7595,Well-Lit,Daytime,0
0.4862,0.2985,0.5157,0.7088,0.4008,Dim-Light,Daytime,1
0.297,0.2322,0.3113,0.9492,0.3975,Dim-Light,Evening,1
0.5318,0.1632,0.3758,0.7694,0.4879,Fluorescent,Evening,1
0.4405,0.1798,0.5885,0.6933,0.396,Dim-Light,Overnight,1
0.3098,0.3024,0.1,0.8148,0.5265,Well-Lit,Evening,1
0.6687,0.2083,0.4053,0.9196,0.7036,Dim-Light,Overnight,1
0.633,0.3246,0.2959,1.0255,0.6212,Well-Lit,Evening,0
0.4344,0.1491,0.4523,0.8618,0.6031,Dim-Light,Evening,1
0.2578,0.3469,0.4212,0.7392,0.472,Well-Lit,Daytime,1
0.5588,0.1804,0.2731,0.7801,0.4766,Well-Lit,Overnight,1
0.6702,0.2277,0.5211,0.7874,0.4507,Fluorescent,Overnight,1
0.4671,0.2171,0.2855,0.7247,0.3811,Dim-Light,Daytime,1
0.331,0.271,0.1839,0.9456,0.5889,Fluorescent,Overnight,1
0.6684,0.3414,0.2397,0.9163,0.3221,Fluorescent,Daytime,0
0.406,0.2127,0.222,0.833,0.4191,Dim-Light,Evening,1
0.6503,0.3372,0.2769,1.0098,0.6306,Well-Lit,Daytime,0
0.6107,0.305,0.3823,0.8438,0.5917,Fluorescent,Overnight,1
0.4839,0.1435,0.4346,0.8006,0.3908,Dim-Light,Overnight,1
0.6537,0.3995,0.19,0.8507,0.8392,Well-Lit,Overnight,0
0.6949,0.3093,0.2046,1.1123,0.6096,Well-Lit,Daytime,0
0.2903,0.2451,0.3673,0.7548,0.4432,Fluorescent,Overnight,1
0.4945,0.3494,0.105,0.8986,0.3609,Dim-Light,Evening,1
0.8234,0.3169,0.1887,0.98,0.5981,Well-Lit,Evening,0
0.7916,0.3203,0.2463,0.9741,0.652,Well-Lit,Evening,0
0.7556,0.2738,0.2485,1.0424,0.6872,Fluorescent,Daytime,0
0.9328,0.3927,0.2298,0.959,0.9454,Dim-Light,Daytime,0
0.8117,0.3628,0.325,0.9792,0.8079,Fluorescent,Daytime,0
0.372,0.2228,0.1955,0.8792,0.751,Dim-Light,Evening,1
0.2755,0.3401,0.5246,0.8915,0.5927,Dim-Light,Evening,1
0.7407,0.2764,0.5503,0.874,0.4023,Fluorescent,Evening,1
0.6937,0.2971,0.2344,0.7517,0.8407,Well-Lit,Daytime,0
0.6053,0.3137,0.4023,0.7794,0.4875,Fluorescent,Overnight,1
0.3089,0.2784,0.5807,0.8824,0.3912,Dim-Light,Overnight,1
0.705,0.1801,0.6354,0.7997,0.4809,Fluorescent,Evening,1
0.6317,0.3461,0.1847,1.121,0.6834,Fluorescent,Daytime,1
0.8739,0.3077,0.1385,0.911,0.8376,Fluorescent,Overnight,0
0.4741,0.1893,0.6065,0.7365,0.643,Fluorescent,Evening,1
0.4748,0.1056,0.306,0.8202,0.2945,Dim-Light,Overnight,1
0.5648,0.2448,0.3977,0.7605,0.3287,Dim-Light,Overnight,1
0.6242,0.237,0.4074,0.7952,0.3821,Fluorescent,Overnight,1
0.9115,0.2593,0.2169,0.9132,0.7061,Fluorescent,Daytime,0
0.7778,0.336,0.1786,0.7802,0.9117,Well-Lit,Daytime,0
0.42,0.248,0.3919,0.8754,0.3787,Dim-Light,Overnight,1
0.361,0.4438,0.2338,1.0039,0.5824,Fluorescent,Daytime,0
0.7801,0.3584,0.259,0.9023,0.8095,Well-Lit,Daytime,0
0.5682,0.3717,0.2628,0.8753,0.7068,Well-Lit,Daytime,0
0.7097,0.363,0.2382,0.9713,0.6354,Well-Lit,Daytime,0
0.3827,0.2391,0.3436,0.8905,0.4977,Well-Lit,Daytime,1
0.3759,0.2342,0.1054,0.7458,0.558,Dim-Light,Daytime,1
0.7604,0.3066,0.2713,0.9747,0.6309,Well-Lit,Daytime,0
0.3703,0.1839,0.1528,0.739,0.541,Fluorescent,Evening,1
0.9525,0.3684,0.1979,1.0843,0.5798,Well-Lit,Daytime,0
0.3726,0.2393,0.3255,0.9114,0.278,Dim-Light,Overnight,1
0.5256,0.2347,0.3209,0.8747,0.4778,Fluorescent,Overnight,1
0.6016,0.3316,0.2206,0.8863,0.608,Well-Lit,Daytime,0
0.7506,0.3081,0.2887,1.0009,0.7254,Well-Lit,Daytime,0
0.5596,0.2936,0.3084,0.8623,0.4333,Well-Lit,Overnight,1
0.717,0.2959,0.448,0.8026,0.5044,Fluorescent,Overnight,1
0.7327,0.3275,0.2579,1.0606,0.9876,Fluorescent,Evening,0
0.7757,0.3847,0.2623,0.8481,0.8331,Fluorescent,Daytime,0
0.8068,0.2889,0.2068,0.9495,0.5444,Well-Lit,Daytime,1
0.4413,0.2849,0.1926,0.7098,0.5977,Dim-Light,Overnight,1
0.2866,0.2595,0.3009,0.9051,0.3628,Dim-Light,Overnight,1
0.5366,0.2661,0.2136,1.0544,0.5246,Well-Lit,Daytime,0
0.7722,0.3985,0.2526,0.908,0.6216,Well-Lit,Daytime,0
0.5097,0.2323,0.2849,0.7978,0.644,Dim-Light,Overnight,1
0.3592,0.1039,0.3518,0.8717,0.4038,Fluorescent,Evening,1
0.7684,0.3054,0.1961,0.9412,0.4552,Well-Lit,Evening,0
0.4347,0.3209,0.2954,0.8505,0.4115,Dim-Light,Overnight,1
0.7038,0.2889,0.1954,0.8695,0.772,Fluorescent,Evening,0
0.852,0.3381,0.2636,0.9353,0.7439,Fluorescent,Daytime,0
0.4276,0.1149,0.3489,0.8929,0.5817,Dim-Light,Evening,1
0.5587,0.2904,0.2648,0.8874,0.7639,Well-Lit,Evening,0
0.9183,0.271,0.276,0.9728,0.7639,Well-Lit,Evening,0
0.1776,0.3049,0.2973,0.8643,0.35,Fluorescent,Evening,1
0.88,0.2774,0.2617,0.9546,0.7289,Fluorescent,Daytime,0
0.3043,0.1779,0.3639,0.9838,0.5599,Dim-Light,Evening,1
0.693,0.4299,0.2788,0.9377,0.7574,Fluorescent,Daytime,0
0.434,0.2936,0.3911,0.8263,0.6267,Dim-Light,Overnight,1
0.4422,0.1623,0.4144,0.8524,0.842,Fluorescent,Evening,1
0.4973,0.2526,0.478,0.9535,0.7098,Dim-Light,Evening,1
0.6589,0.3278,0.2287,1.096,0.8438,Dim-Light,Daytime,0
0.3853,0.2621,0.3262,0.8464,0.6493,Fluorescent,Evening,1
0.766,0.2454,0.5568,0.9493,0.1,Fluorescent,Overnight,1
0.7598,0.2685,0.2082,0.9433,0.7938,Fluorescent,Evening,0
0.9503,0.3061,0.2325,0.7896,0.6763,Well-Lit,Evening,0
0.7334,0.2724,0.2024,1.0809,0.5881,Well-Lit,Evening,0
0.7572,0.4174,0.2742,0.8382,0.6609,Fluorescent,Daytime,0
0.8609,0.4019,0.1979,0.945,0.8213,Well-Lit,Daytime,0
0.3048,0.3373,0.1291,0.7115,0.281,Fluorescent,Overnight,1
0.4133,0.2404,0.427,0.8252,0.3148,Well-Lit,Evening,1
0.4208,0.2966,0.5324,0.7632,0.4642,Dim-Light,Evening,1
0.5558,0.2363,0.4325,0.7,0.1773,Well-Lit,Overnight,1
0.4467,0.1695,0.238,0.7995,0.6215,Fluorescent,Daytime,1
0.7461,0.2733,0.2104,0.9405,0.6202,Fluorescent,Daytime,0
0.4532,0.2337,0.2726,0.9382,0.2806,Dim-Light,Evening,1
0.5953,0.2221,0.403,0.8007,0.5963,Well-Lit,Daytime,1
0.6848,0.4483,0.287,1.0206,0.7406,Well-Lit,Daytime,0
0.531,0.1733,0.387,0.7912,0.645,Well-Lit,Evening,1
0.4674,0.1695,0.2417,0.5,0.3532,Fluorescent,Evening,1
0.3333,0.2995,0.6251,0.734,0.6267,Dim-Light,Overnight,1
0.7128,0.398,0.194,1.0121,0.5723,Well-Lit,Overnight,0
0.7223,0.4,0.2248,0.937,0.8018,Well-Lit,Daytime,0
0.9536,0.3737,0.23,0.8715,0.7051,Well-Lit,Daytime,0
0.6916,0.3446,0.1949,0.7609,0.356,Fluorescent,Overnight,1
0.6044,0.16,0.2805,0.7023,0.2775,Dim-Light,Evening,1
0.7349,0.392,0.2857,0.9066,0.7993,Well-Lit,Overnight,0
0.731,0.4479,0.2636,0.9115,0.6693,Well-Lit,Daytime,0
0.4462,0.1587,0.4449,0.7043,0.5014,Dim-Light,Overnight,1
0.3959,0.2219,0.6451,0.8196,0.403,Dim-Light,Evening,1
0.741,0.2288,0.3086,0.9254,0.6585,Dim-Light,Evening,1
0.4469,0.2469,0.1155,0.7445,0.5659,Dim-Light,Daytime,1
0.4662,0.2266,0.6734,0.9675,0.4669,Fluorescent,Overnight,1
0.4394,0.2087,0.5133,0.8707,0.4156,Dim-Light,Overnight,1
0.7173,0.3492,0.3045,1.15,0.5552,Well-Lit,Daytime,0
0.4439,0.2351,0.5001,0.8615,0.4797,Dim-Light,Evening,1
0.6915,0.3414,0.2062,0.9536,0.7833,Well-Lit,Daytime,0
0.6145,0.3808,0.2121,0.9236,0.6488,Well-Lit,Daytime,0
0.8425,0.3328,0.2902,0.955,0.617,Dim-Light,Daytime,0
0.4803,0.2006,0.377,0.6355,0.639,Dim-Light,Overnight,1
0.4626,0.2508,0.6025,0.775,0.5021,Dim-Light,Evening,1
0.6211,0.2475,0.1584,0.7436,0.5879,Dim-Light,Overnight,1
0.6584,0.4007,0.1,0.9207,0.6244,Dim-Light,Daytime,0
0.5945,0.2543,0.6497,0.7882,0.5829,Fluorescent,Evening,1
0.8503,0.3594,0.1953,1.0076,0.743,Dim-Light,Daytime,0
0.4453,0.2197,0.3984,0.9555,0.6029,Dim-Light,Daytime,1
0.6766,0.3912,0.2205,0.9867,0.8858,Fluorescent,Evening,0
0.4666,0.2906,0.4837,0.804,0.5793,Dim-Light,Overnight,1
0.6592,0.2998,0.2777,1.119,0.5686,Well-Lit,Daytime,0
0.5744,0.3646,0.1795,1.0478,0.8663,Well-Lit,Daytime,0
0.3874,0.164,0.4662,0.9788,0.5646,Fluorescent,Overnight,1
0.7109,0.3679,0.2248,0.9343,0.8553,Fluorescent,Daytime,0
0.5594,0.2269,0.5231,0.9095,0.4397,Dim-Light,Overnight,1
0.675,0.3118,0.3288,0.9658,0.7418,Well-Lit,Daytime,0
0.54,0.3349,0.5757,0.8165,0.5899,Fluorescent,Overnight,1
0.6061,0.3021,0.5885,0.752,0.5011,Fluorescent,Evening,1
0.3366,0.2077,0.6047,0.7645,0.3291,Dim-Light,Overnight,1
0.8118,0.3571,0.2636,0.9136,0.5996,Fluorescent,Daytime,0
0.5916,0.3325,0.2082,0.8922,0.6904,Well-Lit,Daytime,0
0.3848,0.2497,0.2309,0.8213,0.4017,Dim-Light,Overnight,1
0.5349,0.1487,0.4392,0.5541,0.4517,Dim-Light,Overnight,1
0.9125,0.268,0.3099,0.8476,0.8936,Well-Lit,Evening,0
0.4704,0.2928,0.2117,0.6341,0.1694,Dim-Light,Overnight,1
0.5229,0.158,0.4559,0.7588,0.3761,Fluorescent,Evening,1
0.4019,0.2736,0.5875,0.8328,0.6209,Fluorescent,Overnight,1
0.36,0.1467,0.2418,0.9313,0.7889,Dim-Light,Evening,1
0.7188,0.4407,0.2387,1.0215,0.5713,Well-Lit,Daytime,0
0.7836,0.346,0.232,0.8718,0.6767,Well-Lit,Daytime,0
0.5267,0.1098,0.1805,0.9038,0.4418,Fluorescent,Overnight,1
0.7279,0.3724,0.2961,0.9685,0.7758,Well-Lit,Evening,0
0.8087,0.3108,0.2986,1.0364,0.8598,Well-Lit,Evening,0
0.7506,0.3081,0.231,1.0155,0.6832,Well-Lit,Evening,0
0.2786,0.2076,0.1438,0.8189,0.4912,Fluorescent,Overnight,1
0.6219,0.3056,0.1515,0.8726,0.7887,Fluorescent,Evening,0
0.5822,0.2403,0.1904,0.9227,0.7059,Well-Lit,Daytime,0
0.3605,0.2453,0.345,0.7503,0.4786,Dim-Light,Overnight,1
0.4142,0.3127,0.2869,0.6179,0.4194,Fluorescent,Evening,1
0.4788,0.2017,0.6437,0.9478,0.5033,Well-Lit,Overnight,1
0.5265,0.2606,0.447,0.6869,0.4812,Dim-Light,Daytime,1
0.7929,0.3279,0.2475,0.8867,0.7241,Well-Lit,Daytime,0
0.6397,0.3741,0.2133,0.9626,0.7054,Well-Lit,Daytime,0
0.4717,0.23,0.5521,0.7925,0.6154,Fluorescent,Evening,1
0.8386,0.3615,0.2286,1.0991,0.7793,Well-Lit,Daytime,0
0.4978,0.151,0.2704,0.8148,0.5685,Fluorescent,Overnight,1
0.6624,0.3793,0.2188,0.9115,0.6457,Well-Lit,Daytime,0
1.0,0.3368,0.1458,0.9246,0.7658,Fluorescent,Evening,0
0.7837,0.3512,0.246,0.8603,0.6184,Fluorescent,Evening,0
0.8915,0.3697,0.2216,1.0042,0.532,Well-Lit,Daytime,0
0.809,0.4088,0.2303,0.9426,0.5956,Well-Lit,Daytime,0
0.8075,0.3618,0.2611,1.0782,0.9995,Well-Lit,Daytime,0
0.5033,0.2911,0.2387,0.8175,0.501,Dim-Light,Evening,1
0.4164,0.2139,0.4485,0.8385,0.637,Fluorescent,Evening,1
0.7435,0.2914,0.1886,1.098,0.7277,Dim-Light,Evening,0
0.6109,0.2392,0.2785,0.7624,0.7331,Dim-Light,Overnight,1
0.424,0.2649,0.2695,0.7626,0.7177,Well-Lit,Overnight,1
0.5497,0.3946,0.233,0.9435,0.7654,Well-Lit,Evening,0
0.8475,0.3916,0.2668,1.0133,0.5031,Fluorescent,Evening,0
0.543,0.3975,0.2259,1.0144,0.6241,Fluorescent,Daytime,0
0.5498,0.2006,0.2431,0.8084,0.269,Dim-Light,Evening,1
0.51,0.3095,0.4861,0.7896,0.6279,Well-Lit,Overnight,1
0.7593,0.3109,0.2894,0.9635,0.7645,Fluorescent,Overnight,0
0.653,0.3564,0.1897,0.9216,0.6053,Well-Lit,Daytime,0
0.7413,0.3754,0.2401,1.0261,0.8162,Well-Lit,Daytime,0
0.6159,0.2324,0.2125,0.7362,0.6704,Fluorescent,Evening,1
0.6573,0.3062,0.2466,0.8989,0.4846,Well-Lit,Evening,0
0.3361,0.1782,0.2223,0.786,0.7092,Well-Lit,Overnight,1
0.392,0.2876,0.2664,0.7735,0.4828,Dim-Light,Evening,1
0.6158,0.2555,0.4548,0.7556,0.299,Dim-Light,Overnight,1
0.7114,0.3519,0.2354,0.9438,0.6806,Well-Lit,Daytime,0
0.7432,0.3622,0.2176,0.9816,0.6862,Dim-Light,Daytime,0
0.6669,0.3842,0.1924,0.9946,0.5602,Well-Lit,Evening,0
0.422,0.2914,0.3278,0.7505,0.558,Well-Lit,Overnight,1
0.4412,0.2225,0.5516,0.951,0.3608,Dim-Light,Evening,1
0.6549,0.342,0.2987,1.0436,0.9669,Fluorescent,Daytime,1
0.7334,0.2724,0.2024,1.0809,0.5881,Well-Lit,Evening,0
0.6827,0.2159,0.7498,0.9358,0.3623,Fluorescent,Evening,1
0.7657,0.3612,0.2576,0.8919,0.784,Well-Lit,Daytime,0
0.5966,0.1853,0.2706,0.6613,0.899,Dim-Light,Overnight,1
0.8173,0.3576,0.2545,0.8935,0.7553,Well-Lit,Daytime,0
0.8445,0.351,0.2241,1.083,0.7593,Well-Lit,Daytime,0
0.6566,0.3181,0.2804,0.976,0.3989,Well-Lit,Daytime,0
0.6781,0.2323,0.2133,1.0815,0.7741,Well-Lit,Daytime,0
0.6655,0.352,0.266,0.9973,0.5809,Well-Lit,Evening,0
0.5062,0.1869,0.5723,0.9712,0.6246,Dim-Light,Overnight,1
0.701,0.2744,0.2009,1.0251,0.7067,Well-Lit,Daytime,0
0.5208,0.2156,0.3087,0.7957,0.5682,Well-Lit,Evening,1
0.4646,0.2686,0.3016,1.0713,0.4226,Fluorescent,Evening,1
0.4143,0.2717,0.2489,0.9552,0.6198,Dim-Light,Overnight,1
0.603,0.1621,0.5741,0.887,0.3935,Dim-Light,Overnight,1
0.4167,0.2141,0.2464,0.8134,0.3227,Fluorescent,Overnight,1
0.6375,0.3959,0.2179,1.079,0.612,Dim-Light,Daytime,0
0.8487,0.368,0.2067,0.9228,0.7077,Well-Lit,Daytime,0
0.6052,0.2562,0.2743,0.8468,0.3482,Dim-Light,Overnight,1
0.7558,0.3047,0.263,0.8696,0.765,Well-Lit,Daytime,0
0.4471,0.2465,0.4961,0.6861,0.3276,Well-Lit,Overnight,1
0.3341,0.2207,0.615,0.8719,0.4238,Dim-Light,Evening,1
0.8662,0.3737,0.1,0.9937,0.7988,Fluorescent,Daytime,0
0.4974,0.2809,0.2625,1.0546,0.6736,Dim-Light,Evening,1
0.679,0.2388,0.3729,0.9319,0.6096,Dim-Light,Evening,1
0.8941,0.3405,0.2433,1.1066,0.8246,Well-Lit,Evening,0
0.5938,0.2142,0.2904,0.9215,0.5705,Fluorescent,Overnight,1
0.3738,0.21,0.2928,0.8605,0.6369,Dim-Light,Evening,1
0.7362,0.2379,0.2216,0.9048,1.0,Well-Lit,Daytime,0
0.5204,0.3352,0.1367,0.8743,0.5184,Well-Lit,Daytime,0
0.7525,0.284,0.1854,0.9274,0.7541,Fluorescent,Daytime,0
0.8408,0.2815,0.2488,0.9161,0.5929,Fluorescent,Daytime,0
0.9751,0.2786,0.2512,1.0353,0.7102,Well-Lit,Daytime,0
0.5024,0.1702,0.3892,0.9261,0.6762,Dim-Light,Evening,1
0.8486,0.3704,0.18,1.0041,0.6493,Dim-Light,Daytime,0
0.6778,0.2315,0.6172,0.9985,0.4397,Dim-Light,Overnight,1
0.9259,0.3754,0.2911,0.9878,0.856,Well-Lit,Daytime,0
0.4264,0.2726,0.15,0.7933,0.7336,Well-Lit,Daytime,0
0.4958,0.3154,0.5049,0.7539,0.4892,Dim-Light,Overnight,1
0.4111,0.1683,0.2306,0.7537,0.4095,Dim-Light,Overnight,1
0.6239,0.2884,0.3356,0.8689,0.5073,Well-Lit,Overnight,1
0.8545,0.4095,0.2495,1.0991,0.4153,Fluorescent,Daytime,0
0.5619,0.2934,0.4723,0.8628,0.3165,Dim-Light,Evening,1
0.7212,0.3276,0.1588,0.9117,1.0,Dim-Light,Daytime,0
0.4681,0.249,0.6038,0.8748,0.3475,Fluorescent,Evening,1
0.5682,0.3118,0.2171,0.8315,0.9379,Dim-Light,Daytime,0
0.4861,0.2803,0.6518,0.6548,0.4765,Fluorescent,Overnight,1
0.7278,0.3411,0.2544,0.8296,0.671,Fluorescent,Daytime,0
0.7825,0.3679,0.1496,1.0104,0.8587,Well-Lit,Daytime,0
0.4093,0.1829,0.363,0.8878,0.2168,Fluorescent,Evening,1
0.9474,0.3307,0.2291,1.117,0.6068,Well-Lit,Daytime,0
0.3358,0.2526,0.3525,0.7251,0.3201,Dim-Light,Overnight,1
0.6594,0.4004,0.1635,0.8607,0.7232,Fluorescent,Daytime,0
1.0,0.343,0.1973,0.9335,0.783,Well-Lit,Evening,0
0.7229,0.3119,0.2591,0.921,0.6398,Dim-Light,Evening,0
0.1409,0.1627,0.5895,1.0286,0.3627,Dim-Light,Evening,1
0.6063,0.4275,0.2412,1.0851,0.5477,Well-Lit,Evening,0
0.3999,0.1852,0.4031,0.8475,0.7871,Dim-Light,Overnight,1
0.7739,0.3419,0.1994,0.9936,0.8521,Well-Lit,Daytime,0
0.3811,0.181,0.1131,0.9975,0.6039,Fluorescent,Overnight,1
0.473,0.1726,0.2859,0.7824,0.2759,Well-Lit,Daytime,1
0.768,0.3882,0.244,1.0457,0.6267,Fluorescent,Daytime,0
0.2914,0.1693,0.4862,0.7191,0.5249,Dim-Light,Overnight,1
0.4208,0.1528,0.3791,0.7403,0.7253,Dim-Light,Overnight,1
0.6892,0.3426,0.2346,0.9646,0.8599,Well-Lit,Daytime,0
0.288,0.2216,0.4739,0.6377,0.4402,Fluorescent,Overnight,1
0.4915,0.3619,0.5001,0.8929,0.7453,Well-Lit,Evening,1
0.5639,0.4663,0.2542,0.8829,0.6884,Well-Lit,Daytime,0
0.25,0.1047,0.1,0.7622,0.4543,Fluorescent,Daytime,1
0.3506,0.2122,0.315,0.9414,0.7867,Fluorescent,Overnight,1
0.6114,0.3462,0.3462,0.7679,0.6523,Dim-Light,Overnight,1
0.7895,0.2901,0.2116,0.964,0.8585,Well-Lit,Overnight,0
0.453,0.2117,0.2773,0.855,0.5588,Fluorescent,Evening,1
0.7485,0.3226,0.2654,0.9898,0.8188,Well-Lit,Evening,0
0.4433,0.2346,0.2797,0.8884,,Fluorescent,Overnight,1
0.8237,0.3063,0.2201,1.01,0.6465,Fluorescent,Daytime,0
0.6409,0.3001,0.1581,0.9161,0.6204,Fluorescent,Daytime,0
0.5169,0.2984,0.1251,1.01,0.4091,Dim-Light,Overnight,1
0.3636,0.1869,0.4579,0.8622,0.4526,Dim-Light,Evening,1
0.4429,0.2989,0.2671,0.8508,0.6835,Dim-Light,Evening,1
0.2142,0.1853,0.4273,0.9369,0.6184,Fluorescent,Evening,1
0.3093,0.1684,0.4811,0.7503,0.4219,Fluorescent,Evening,1
0.5177,0.2336,0.5834,0.8559,,Well-Lit,Evening,1
0.4803,0.2301,0.6155,0.8211,0.7564,Fluorescent,Overnight,1
